movie_id,title,release_year,genre_id,director_id,budget,revenue,rating
1,Neon Echo: Awakening,2025,8,172,148309987.49,396637142.28,9.6
2,Midnight Echo,2000,7,96,165808654.34,489006475.12,9.3
3,Iron Secret,2004,11,13,198857421.78,936605475.85,4.1
4,Silent Trial: Rebellion,1995,3,102,81649295.99,238185825.86,6.8
5,Electric Secret: Beyond,2005,8,55,114118608.28,177607401.75,6.5
6,Trial of the Promise,2001,6,48,64938179.29,256554472.61,6.8
7,Trial of the Empire,2022,14,88,191172427.01,297578755.57,8.5
8,Shadow Game: Protocol,2014,3,25,57940576.39,139793641.74,4.6
9,City Beyond,1999,8,112,138994687.26,630203852.33,9.5
10,Lost Horizon: Awakening,1992,3,175,56631487.26,26818670.40,8.2
11,Journey Beyond,2016,14,136,131973738.14,517488025.08,6.1
12,Game Awakening,1990,6,41,26384311.21,29782512.09,7.6
13,Code of the City,2014,10,109,214786356.28,349039442.87,9.5
14,Last Code,2013,7,122,117799030.56,117672686.61,9.3
15,The Secret,2025,9,172,78933929.66,352158160.05,7.5
16,City Awakening,2006,3,37,121011632.48,133731529.40,9.5
17,Code Awakening,2021,7,101,148466976.67,221768467.83,6.0
18,River of the Trial,2005,2,186,185304263.76,844079612.21,4.9
19,Neon Trial,1997,13,84,4176105.62,3825667.12,5.8
20,River of the Promise,2018,8,60,165614726.43,283999072.15,4.7
21,Last Trial: Origins,2001,15,70,237447745.53,137785033.64,8.8
22,Silent Signal: Falling,2007,10,44,219246217.15,754716177.87,8.5
23,Game of the Journey,1985,12,155,239994007.56,1009504625.43,5.4
24,Burning Code: Beyond,2007,7,15,160057887.00,673321254.78,5.6
25,Midnight Secret,2001,7,171,209319617.46,989156825.71,4.5
26,Neon Game,2011,4,150,124501556.53,373600726.37,7.8
27,Empire of the Horizon,2025,8,144,152250194.27,439809454.42,7.5
28,Storm Rebellion,1986,10,165,238586762.23,699715877.68,4.7
29,Electric Secret: Origins,2023,12,155,106324587.65,226734890.75,8.2
30,Trial of the Echo,2009,10,134,10763145.08,23186484.39,8.6
31,Burning City: Rising,1981,4,146,46413315.80,147329491.70,5.9
32,Code Origins,2009,14,65,90609349.75,308547621.66,6.0
33,Legacy Beyond,1983,6,118,175227450.41,559527926.24,8.4
34,Game Origins,2015,11,83,185565135.44,689301046.12,8.5
35,Storm Chronicles,1985,6,91,154676077.64,565400000.83,8.8
36,Secret Reckoning,1986,15,185,23972472.46,52420297.89,7.5
37,Neon River: Awakening,1992,5,182,122131996.39,229950793.32,6.5
38,Neon Signal: Beyond,2000,1,29,48662753.87,85954062.23,6.9
39,Game of the Code,1991,7,159,174365567.55,222128881.26,4.5
40,Iron Journey,1989,12,88,133907696.49,287329715.18,9.3
41,Silent Signal,1998,10,146,242730200.48,442953416.86,5.3
42,Legacy Returns,1989,11,71,8050258.53,11171036.65,8.0
43,Game of the Dream,2008,11,56,37626109.27,64185995.76,9.5
44,Trial of the Horizon,2006,9,142,249595590.17,310959184.82,5.1
45,Broken Storm: Protocol,2004,12,67,177126363.23,836112819.20,8.6
46,Secret Beyond,1995,6,139,90232931.71,416479192.54,4.8
47,Signal of the Storm,2017,3,25,245281239.71,944470591.65,6.9
48,Dream Chronicles,1986,13,155,58114369.64,112318122.93,8.0
49,Shadow Empire,2016,14,14,115869359.47,269585382.06,7.4
50,Promise Protocol,2015,8,144,163093976.22,708105634.54,6.7
51,City of the Journey,1984,12,71,143083776.15,653656047.52,8.1
52,Golden Legacy: Rebellion,1988,7,56,165957505.63,292621453.74,8.0
53,Crimson Empire,2012,7,37,191925612.16,904504269.29,7.3
54,Lost City,2025,13,92,147480746.98,561655655.35,4.4
55,Game Awakening 55,1990,12,50,63326683.83,192938171.55,8.3
56,Horizon of the Journey,1981,11,127,182573778.96,339564680.19,4.5
57,Promise Chronicles,2023,7,105,96250741.24,239413446.33,8.8
58,Broken Legacy: Returns,2002,3,182,108444681.17,163628079.12,4.5
59,The Echo: Rebellion,2002,11,163,21769747.43,51977470.04,4.5
60,The Storm,1983,9,16,171153455.90,140372776.85,4.0
61,Shadow Legacy,2004,5,8,200309486.01,580806586.42,6.1
62,Horizon Protocol,2020,10,128,46673996.21,63516073.06,6.0
63,Game Origins 63,2016,3,113,177032340.16,756026620.83,5.0
64,Neon Echo,1981,10,10,233920321.73,1007781982.86,8.5
65,Echo Falling,1999,15,75,28282068.46,96310088.12,7.4
66,Echo of the Trial,2011,4,155,40080276.21,124170422.78,5.9
67,Golden Legacy,2015,14,100,196339568.44,894061448.51,7.8
68,Golden Empire,2003,3,62,240156185.56,614650905.53,8.5
69,Electric Trial,2010,13,169,177347902.56,725685217.34,4.6
70,Code Protocol,2000,15,135,141404679.26,493460756.83,7.0
71,City of the Promise,1988,8,196,50713316.66,230983336.51,6.4
72,Hidden Secret: Chronicles,2011,1,126,27423147.74,78691083.52,7.5
73,Burning Horizon: Rebellion,2023,12,15,132596207.26,77327878.40,9.4
74,Broken Legacy: Protocol,2014,3,165,79442927.32,48540147.89,4.2
75,Signal Protocol,2014,1,176,218615743.21,797854853.29,7.0
76,Journey Protocol,2023,12,12,227799532.18,189999214.07,9.4
77,Burning City,1984,12,53,124575889.29,362894480.64,7.5
78,Shadow City: Returns,1993,15,177,30408259.81,51023338.21,9.2
79,Burning Echo: Reckoning,2003,15,103,12622061.37,12916729.01,5.4
80,Broken Journey: Rising,2023,10,182,216140229.68,681973824.96,5.2
81,Code of the Horizon,2006,14,106,95217242.90,391113459.33,5.1
82,Promise Falling,1980,11,178,99773915.73,345457981.27,6.6
83,Electric Journey: Reckoning,1987,3,126,18025328.26,49795594.86,5.0
84,Broken Game,1998,9,74,72249149.19,210134964.72,4.6
85,Hidden Dream,1992,2,143,211843892.62,271894847.13,7.0
86,Silent City,1986,2,59,10950767.23,23078533.19,4.5
87,Secret Returns,2019,6,113,184979063.47,433758293.82,8.4
88,Burning River: Protocol,2000,1,146,5031468.34,5393363.40,8.9
89,Silent River,2009,4,165,15522397.69,32164753.63,9.4
90,Iron Legacy,2020,4,86,165016035.85,384658156.26,9.0
91,Last Trial,2018,9,74,139878003.22,144186131.06,9.5
92,Golden Empire: Awakening,1984,7,133,134267030.88,419152049.88,5.0
93,Secret of the Horizon,1986,11,60,2966549.52,1231272.89,4.3
94,Electric Game,1987,14,58,190900798.16,105923020.48,7.1
95,Echo of the Journey,2010,15,147,161730353.05,265700519.16,7.5
96,Dream of the Echo,1995,11,126,153733212.67,294959231.63,9.6
97,City Chronicles,1989,8,138,220041911.35,304735003.51,5.6
98,City of the Journey 98,1990,6,190,6702875.72,26436021.91,4.8
99,City Reckoning,2014,14,59,246891107.96,234572863.96,7.6
100,Golden Trial: Reckoning,2006,8,188,113899484.71,522849459.01,6.6
101,Game Rebellion,1988,12,136,52669897.47,71347747.38,5.1
102,Silent City: Awakening,2003,15,119,137729070.78,518067479.85,6.3
103,Empire of the Legacy,2010,2,139,163581004.10,281589846.62,8.7
104,River of the Dream,1993,6,142,222646276.53,735281853.77,9.3
105,Trial Reckoning,1981,12,53,97413711.80,324852476.08,5.6
106,Secret Origins,2016,13,51,38944789.38,69810834.27,5.4
107,Neon Promise,2000,10,196,153662737.01,558625135.85,9.0
108,Golden Echo,1985,1,3,230162689.52,972584774.50,5.9
109,Crimson Echo: Protocol,2002,4,191,38924829.70,52052312.79,8.8
110,Neon Signal,2017,15,115,119559202.07,417961533.21,5.7
111,River of the Signal,1990,15,39,42069301.17,38751634.45,9.2
112,Promise Awakening,2015,11,121,175415859.62,287231593.40,8.8
113,River of the Secret,2008,2,194,11285518.99,48223247.48,6.7
114,Dream Rising,1981,10,177,246961603.42,492562598.88,6.5
115,Last River: Awakening,2011,11,146,86941461.48,164755570.11,4.5
116,Trial Protocol,2019,5,174,99313514.33,105047717.17,9.7
117,River of the Storm,1998,12,22,89645894.73,423819975.36,6.8
118,Storm of the Echo,1996,4,132,71141091.34,191362355.57,9.2
119,Storm of the Empire,1990,1,167,60842776.19,106426118.72,6.6
120,Shadow Game,1997,12,195,164688306.78,543703013.00,5.9
121,City of the City,2019,1,189,144052671.81,249488576.79,5.1
122,City of the Journey 122,1982,12,173,68665496.80,140807158.08,6.1
123,Last Echo: Origins,2001,3,89,180200601.08,510054856.43,6.8
124,Neon River,2022,2,171,228465411.44,957386180.85,9.1
125,Secret Falling,1986,4,20,45511143.60,31212468.26,7.3
126,Shadow Horizon,1984,1,186,4841634.95,19128038.34,9.0
127,The Journey,2020,14,118,158304224.86,293806753.36,7.8
128,The City,1988,4,191,231750639.58,281931409.69,8.1
129,Dream Returns,2023,4,54,13924659.92,10435315.72,5.8
130,Hidden River,2025,8,155,177009084.48,436243491.66,8.2
131,Journey Falling,2012,1,21,45198951.81,57401321.83,4.8
132,River Reckoning,2024,13,20,48267331.15,199532886.87,8.3
133,City Chronicles 133,2020,14,152,75234794.75,166572900.65,7.7
134,Dark Secret: Awakening,2002,12,62,133341884.99,437535465.40,9.5
135,Promise of the Trial,1984,1,17,124239877.49,543158262.31,4.3
136,Midnight Trial: Rebellion,2025,8,4,244326164.52,822842862.74,5.8
137,Storm of the Dream,2023,2,146,66715670.12,273186710.63,6.6
138,Empire Protocol,1999,13,126,79398456.52,380797274.63,5.1
139,Dream of the Game,2006,8,119,82105392.32,320498996.26,9.4
140,Iron River,2009,8,40,36807598.27,136277525.41,6.4
141,River Rebellion,2000,7,162,38621906.08,77596206.92,6.5
142,Empire Origins,1991,4,25,5572757.31,13809672.55,5.5
143,Dream Rebellion,2005,3,78,207699873.83,863363615.32,5.6
144,Golden Promise,2011,7,112,236911726.41,261363589.10,9.5
145,Secret of the Legacy,1984,6,181,119960012.34,200695039.84,5.3
146,Electric Horizon: Reckoning,2006,8,4,239278893.68,760580950.90,5.9
147,Storm Rebellion 147,2019,2,154,33662877.31,55218811.25,8.1
148,Midnight Legacy: Protocol,2010,2,5,112598934.79,251636386.17,5.2
149,Midnight Legacy: Awakening,2020,15,122,197021325.41,559930920.75,7.3
150,Game Returns,2000,13,162,143710327.65,633773435.21,8.0
151,Secret of the River,2011,10,121,222803427.14,396417252.27,9.0
152,Last Dream: Reckoning,2019,6,21,133015036.75,324002383.51,9.1
153,Hidden Legacy,1992,13,198,70138275.83,72212038.78,8.8
154,Secret Chronicles,1994,11,1,82812772.88,333676001.33,6.8
155,Echo Rebellion,2000,8,81,151785599.62,418892545.49,8.7
156,Silent Secret: Reckoning,2018,2,76,183754849.62,668165245.38,5.1
157,Electric Trial 157,2007,12,3,75596987.79,98174490.15,5.7
158,Signal of the River,2006,2,95,117037460.99,515333396.36,4.8
159,Journey Rebellion,2018,8,195,79550622.41,359757595.68,6.6
160,Iron Storm,2009,5,42,147240363.34,268026988.55,4.1
161,Electric City,2015,8,95,36725581.10,149103622.61,6.1
162,Golden Horizon: Rebellion,2021,6,102,45732610.71,141659553.79,8.3
163,Burning Promise,1982,15,131,15381007.15,54694692.46,4.8
164,Golden Storm: Falling,1988,3,27,131410975.01,596151179.98,5.3
165,Trial of the Secret,2006,6,193,18789767.17,40632184.86,4.4
166,Promise Chronicles 166,2005,12,40,137702233.66,109292112.10,5.2
167,Dream Rising 167,1994,4,15,161722507.07,461525654.63,4.3
168,Golden City: Reckoning,1982,4,195,59317414.07,63563074.74,9.0
169,Signal of the Promise,1981,9,196,73475391.43,36991758.75,8.1
170,Midnight Promise: Rebellion,1982,4,151,10447388.60,14729003.81,6.8
171,Dark Signal: Protocol,2003,9,43,100199600.30,107206132.40,4.0
172,Storm Chronicles 172,2012,7,41,208953352.31,776962633.78,5.5
173,Legacy of the River,2005,2,167,72417359.98,38149241.03,7.4
174,Secret Rebellion,1987,1,100,201452000.31,739002286.37,9.0
175,Hidden Empire: Returns,1999,14,177,169040273.74,727087769.69,8.7
176,Game Protocol,2016,15,65,55376305.39,27952581.20,4.1
177,Echo Origins,1993,8,185,98060072.97,180467668.62,9.6
178,Promise Rebellion,2010,9,153,72407605.22,343345081.72,8.9
179,Burning Empire: Chronicles,1986,15,1,213391327.56,666808988.02,8.9
180,Trial Returns,2008,7,187,142675561.82,157191896.04,4.3
181,Burning Promise 181,2007,12,96,20410726.28,45657629.90,4.1
182,Promise Rising,1999,3,68,115046520.82,517925725.59,9.6
183,Dark Empire: Rebellion,2010,3,4,29477811.63,105800574.48,6.6
184,Empire of the Empire,2010,2,188,173412677.56,233776334.94,6.3
185,Electric Promise,2011,7,120,103987426.81,486743444.99,7.3
186,Iron Legacy: Returns,1997,12,73,180139403.02,232717407.36,5.5
187,Signal of the Journey,2024,8,1,248965607.54,147920839.58,7.2
188,Crimson Storm,2011,13,60,179318976.93,657583175.14,5.6
189,Storm Protocol,2009,14,121,136830799.54,279460054.87,9.1
190,Shadow Game: Origins,2006,3,149,101342129.33,248990555.77,6.0
191,Storm Protocol 191,2023,9,105,91041719.93,209353153.42,7.4
192,Golden Signal,2021,8,116,188795273.80,791414651.28,4.9
193,Game Returns 193,2020,3,154,86399994.95,275086245.33,8.2
194,Lost Promise,2024,7,21,206125677.74,881224636.19,9.6
195,Trial Protocol 195,2016,1,66,233724558.50,776994514.32,4.9
196,Signal of the Trial,2011,2,84,183365892.54,716303665.09,7.1
197,Silent Trial,2005,4,148,88756887.96,194838514.26,8.3
198,Burning Secret,2021,8,40,208835796.03,906145023.96,5.1
199,Silent Secret: Reckoning 199,2012,13,28,124557924.37,551755764.93,8.0
200,The Empire,1999,14,54,136178770.33,112345278.32,8.6
201,Hidden Promise: Reckoning,1998,2,54,47649958.05,181770225.53,4.4
202,Silent Code: Reckoning,2002,11,104,4126260.47,12499547.95,6.0
203,Hidden Storm,2019,10,123,159352070.83,479757969.19,7.9
204,Broken Journey,2002,1,66,175606928.45,735647177.94,6.2
205,Empire of the Dream,2017,10,90,237356893.90,810177869.71,9.7
206,Hidden City,1985,8,65,136618135.94,104518967.82,8.1
207,Legacy of the Horizon,2001,4,155,246024061.32,135585203.29,5.8
208,Burning Signal,2006,2,3,171430209.38,516191426.92,7.8
209,Dark Horizon,2008,2,129,46536468.94,74870712.38,7.2
210,Empire Chronicles,1987,12,133,123538101.82,539855535.25,5.7
211,Dream Origins,2018,6,110,28754130.80,31086183.90,8.8
212,Empire of the Code,1995,1,100,194271418.56,767358833.34,9.2
213,Secret of the Journey,1991,4,88,216593048.67,642784748.02,6.8
214,Hidden Dream 214,1987,2,43,36092518.98,132010847.12,9.4
215,Electric Signal: Falling,2003,13,179,108348405.03,381061204.98,9.1
216,Last Code 216,2006,8,9,70807198.21,201944880.83,6.4
217,Promise Rising 217,2022,6,122,101229752.80,449946773.08,9.2
218,Lost Code: Origins,1990,2,147,47917493.21,60600055.87,7.8
219,Legacy Awakening,1984,13,169,47599281.03,105590692.91,7.2
220,Last Signal,1999,3,192,175816264.67,78985796.61,4.3
221,Burning Legacy: Origins,2022,5,150,133334045.87,231296467.50,8.6
222,Signal of the Trial 222,1993,4,170,119477748.79,299462751.83,4.6
223,Hidden Signal,2020,9,19,37808930.12,36243812.96,6.9
224,Silent Game: Chronicles,1984,10,43,62896353.57,233661242.15,8.8
225,Silent Trial 225,2006,1,193,108819952.08,460410948.88,8.4
226,Dream Rebellion 226,2003,7,116,152199473.27,641447096.29,8.3
227,Hidden Secret: Falling,2012,15,105,162041178.61,603423967.54,4.9
228,Secret Rising,2007,10,8,105203134.66,302082528.08,8.0
229,Dark Game: Beyond,2003,5,101,71287119.47,232448347.42,9.6
230,Dream Protocol,2018,6,79,214061657.41,528221177.12,6.8
231,Dark Trial,1985,12,126,243843822.70,669120154.30,7.5
232,Burning Legacy: Rebellion,1997,15,70,218875752.18,660021756.74,5.3
233,Dark Horizon: Reckoning,1992,6,79,49173865.38,92151495.89,7.9
234,Silent Trial: Protocol,2022,11,49,192426042.22,830976804.31,4.8
235,Promise Chronicles 235,2025,9,142,81303908.45,318006808.03,7.3
236,Storm of the Legacy,2020,4,53,150135614.46,478505423.26,5.9
237,Code Rebellion,2005,8,184,68779012.67,199461426.97,7.1
238,Last Legacy,1984,5,32,241678655.34,961326135.49,9.6
239,Lost Horizon: Reckoning,1996,15,127,114508000.62,545030201.92,7.3
240,Hidden City 240,1992,5,14,245422043.04,776440734.26,6.8
241,The Game,2004,6,31,36222249.67,34079088.77,8.3
242,Legacy of the Empire,1984,5,28,137799938.86,217864855.47,8.5
243,Dark City: Returns,2022,10,16,3949240.41,7446158.25,7.6
244,Iron Legacy: Awakening,1994,4,159,151509831.94,561737379.29,9.3
245,Legacy of the Signal,1981,9,150,80204371.87,109674517.10,8.6
246,Neon Dream: Falling,2019,1,42,24157671.10,88368927.06,9.6
247,Echo Returns,1986,4,105,56411911.28,136620008.19,4.9
248,Dream of the Legacy,1997,2,1,60834529.70,106909059.59,7.3
249,Game of the Horizon,1994,2,21,103020851.60,242530195.38,4.9
250,Secret of the Echo,2004,1,139,191616375.56,249593084.91,7.8
251,Horizon of the Legacy,2013,6,83,6647877.95,17505598.20,6.2
252,Secret Reckoning 252,2003,3,181,20723203.05,84603199.68,7.9
253,City Rebellion,1993,4,81,89286474.18,143414057.98,8.1
254,Journey of the Secret,2010,1,176,233913484.30,344769937.03,8.0
255,Echo of the City,1981,7,147,87278261.28,181213419.17,6.8
256,Hidden River: Awakening,1985,7,66,88035167.60,139459610.08,9.2
257,Broken Storm,1994,14,150,161784723.54,491188608.30,8.6
258,Dark Promise,1983,13,59,23858166.57,105685466.15,4.5
259,Iron Echo: Awakening,2013,15,66,114095556.61,192806928.07,8.9
260,Crimson Trial,1994,7,80,42907255.99,29770219.56,9.0
261,Neon Legacy,1991,5,141,118356718.32,267765700.34,5.0
262,Signal Falling,2018,12,20,18244452.60,15446580.67,8.7
263,Legacy Rising,2009,9,195,93179251.88,110628512.41,7.0
264,Broken River,2000,14,44,191937883.20,510225019.96,4.1
265,Crimson Secret: Chronicles,1990,1,121,40243488.50,39522338.36,8.9
266,Last City,2009,4,117,45023533.87,39776275.46,5.4
267,Signal of the Signal,1988,1,74,116002017.08,454134838.80,7.9
268,Secret of the Code,2005,15,135,117455123.18,381535856.42,7.0
269,Silent Promise,2013,15,105,42973538.56,179409283.78,4.7
270,Golden Empire: Protocol,2018,6,77,30210744.48,132272515.15,6.2
271,Dream Rebellion 271,2011,4,193,5486322.99,12708327.46,7.6
272,Code of the Dream,1988,11,78,99995651.76,102614282.32,9.1
273,Empire of the Legacy 273,2005,8,183,117103368.84,501493669.35,6.6
274,Echo of the City 274,1989,15,164,230802561.44,392327329.19,4.3
275,Empire of the Echo,2021,14,111,20913684.06,35414909.76,8.7
276,Last River,2010,2,91,83865914.23,148065591.04,6.9
277,The Dream: Reckoning,2025,9,70,16381910.15,43278213.47,7.6
278,Neon Signal 278,2001,13,157,115882306.29,363383707.72,5.6
279,Shadow Echo,2017,2,113,189985381.50,438295510.84,6.9
280,River Returns,2004,6,170,178996385.42,647676809.50,7.6
281,Shadow Legacy 281,1985,10,99,70026316.90,95869193.19,4.3
282,Burning Legacy: Rising,2006,10,50,105270879.43,424668764.08,4.9
283,Echo of the River,1984,3,10,67478660.61,170297524.36,4.4
284,Iron Dream: Chronicles,2023,8,30,21372428.29,51769741.36,9.1
285,Lost River: Rebellion,2016,9,141,222458820.35,886114408.96,5.9
286,Broken Dream,2013,11,72,201837956.64,771929849.26,5.4
287,Crimson Code,1997,6,131,76191383.93,356587032.09,9.7
288,Dream Awakening,1996,2,38,139420999.62,573821708.10,5.2
289,Dark Promise: Returns,1986,12,139,127202148.76,281833928.54,6.3
290,Broken City,1990,10,124,237200168.80,786717596.27,8.4
291,Dark Legacy,2007,3,107,119083773.71,63664598.09,9.3
292,Game of the Legacy,2011,15,126,232067125.81,497532554.89,5.2
293,Game of the Promise,1998,4,157,201425583.65,378456446.04,7.4
294,Echo of the Promise,1986,2,22,199354283.08,87188671.84,7.1
295,Code Protocol 295,2024,11,39,247971561.83,101465983.10,5.0
296,Golden Promise: Rising,2023,11,180,90276749.67,263318133.37,4.2
297,Echo Reckoning,2017,2,11,154169290.62,618880401.45,5.1
298,Shadow Promise: Origins,2011,2,69,148952483.93,462931565.83,7.0
299,Horizon of the Legacy 299,2018,14,67,40612419.30,154925444.16,6.9
300,Secret of the Dream,2024,5,9,99258279.33,187607425.96,4.9
301,Secret Chronicles 301,2002,9,79,74472837.47,261019303.35,6.3
302,The Horizon,2022,6,54,61309297.87,64642809.38,4.9
303,Neon Storm: Protocol,1987,3,28,249559091.94,238299701.46,8.1
304,Burning Journey: Returns,2017,4,184,121176795.78,267009977.55,9.3
305,The Game 305,2010,11,9,92006019.19,195006281.63,6.0
306,Hidden River: Protocol,1996,7,48,203410924.03,496204140.50,9.5
307,Empire Awakening,2025,7,169,79724912.05,353035484.41,7.2
308,Legacy Beyond 308,1996,7,24,122493209.76,581698559.93,4.8
309,Electric Storm,2018,8,72,226965763.70,810597175.28,6.4
310,Legacy Awakening 310,2025,6,158,94196437.28,38813090.94,6.8
311,Echo of the Signal,2001,11,169,214656859.96,788612987.37,5.6
312,Hidden Journey,2017,10,157,50370261.89,190738686.67,8.2
313,The City: Rebellion,2017,9,75,135389874.75,504381945.90,4.3
314,Echo Protocol,2020,13,17,119417615.57,509224327.93,9.3
315,Trial Rebellion,2017,4,116,67278075.34,290820114.80,8.9
316,Legacy of the City,1996,7,68,2564827.25,3612743.13,5.3
317,Empire of the Signal,1980,7,13,239721405.51,942230061.83,5.6
318,Signal Beyond,2020,13,79,192571863.92,639065608.55,6.8
319,Shadow Signal: Returns,1998,13,30,214025619.09,957286999.44,6.2
320,Last River 320,1980,11,110,21299707.50,69141174.67,9.4
321,Legacy of the Journey,1996,3,169,74140682.07,113524726.95,4.9
322,Last River 322,1990,6,25,191625536.00,320134494.92,9.7
323,Shadow Promise: Origins 323,1987,14,1,238466004.11,164618329.24,8.4
324,Hidden Trial,2001,2,129,191850948.51,734782439.35,6.7
325,Signal Chronicles,2019,5,22,90030376.74,72468372.07,5.0
326,Shadow River,1981,15,159,201387270.83,783509920.49,4.5
327,The Storm: Reckoning,2001,3,134,204081659.86,561869583.75,6.7
328,Secret of the Horizon 328,2007,2,132,194301749.45,421794381.19,5.0
329,Signal of the Secret,2024,2,191,57847673.11,190371668.34,9.2
330,Legacy of the Empire 330,2009,7,83,161168054.39,205666158.02,4.2
331,Journey of the Game,2016,6,5,246934105.11,1113487174.96,7.7
332,Crimson River,1980,6,119,22678477.79,93192634.58,7.4
333,Neon Game 333,2010,8,142,249039716.11,895042811.26,5.9
334,The Code,2020,6,63,79046457.01,317571048.76,5.7
335,Iron City: Falling,2022,3,179,65682928.13,135973980.52,4.9
336,Dark Storm,2013,6,20,125324331.12,457429415.64,6.3
337,Golden Promise 337,1991,12,24,217571963.90,978683381.35,7.4
338,Horizon Falling,1986,5,197,84445611.34,363875877.40,5.0
339,Neon Journey,1994,1,71,78904897.94,295640193.86,8.3
340,Last Echo: Reckoning,2015,15,148,217769653.70,610339600.25,9.2
341,Promise Falling 341,1982,5,108,24602418.25,45917284.82,8.2
342,Signal of the Promise 342,2017,1,28,223013490.13,130933300.94,8.6
343,Shadow River: Rebellion,1996,3,152,235004806.94,1019476208.36,5.4
344,River Beyond,2024,14,27,158263460.95,75035897.19,5.2
345,Dream Beyond,1995,7,2,170830683.99,726085083.89,7.3
346,Golden River: Reckoning,1995,1,111,53935368.14,179835730.51,5.1
347,Midnight City,2017,7,149,72984194.36,109165012.28,8.9
348,Journey Chronicles,1996,11,155,125172793.35,588611256.41,6.3
349,River Rising,2024,3,148,47312946.18,152329256.54,4.7
350,Code Falling,1994,4,191,13071206.66,9380900.63,6.2
351,Promise of the Storm,2016,1,167,53735933.62,47685646.33,8.0
352,Golden City: Reckoning 352,1993,8,37,38026407.51,123625322.86,4.7
353,Legacy Reckoning,2022,9,175,69853550.84,231755000.02,8.9
354,Broken Empire: Chronicles,2002,4,171,214741226.25,711681550.63,6.8
355,Signal of the Code,1980,7,119,40913367.15,157030804.89,8.8
356,Secret of the Empire,1993,7,29,220504687.81,224709842.28,5.6
357,Dream Returns 357,2010,13,196,133103700.98,396719784.48,6.0
358,Legacy of the Dream,2024,14,71,210107790.20,974781641.03,5.5
359,Promise Chronicles 359,1988,1,200,59753610.41,151652947.61,5.2
360,Midnight City: Rising,2003,9,66,172942100.62,276010972.35,7.8
361,Trial Origins,1984,10,28,61444604.06,101038196.51,8.6
362,Horizon of the Storm,2013,1,39,239717446.97,441189743.96,7.9
363,Code of the Journey,1980,8,50,48061908.63,174153447.00,8.1
364,Last City: Origins,1997,10,52,157768490.24,528095255.03,9.5
365,Signal Protocol 365,2019,4,63,82191691.38,343093133.91,6.0
366,Legacy Reckoning 366,2011,4,111,239439196.21,113086664.44,4.4
367,Journey of the River,1982,4,120,103971428.93,497212857.49,4.4
368,Promise of the Code,1994,12,55,55789908.56,46091793.22,5.5
369,Last Secret,2021,10,116,223436030.10,181279241.33,9.3
370,Hidden Journey 370,1996,13,154,134917434.87,427427980.20,8.3
371,Game of the Legacy 371,1997,9,43,164838309.68,570641051.00,4.0
372,The City: Protocol,2006,15,85,26373245.73,68999848.07,5.3
373,Electric Code,2002,13,116,139737285.14,156910321.32,8.2
374,Legacy Awakening 374,1992,3,41,59703559.81,35756362.83,5.0
375,Midnight Echo 375,1998,8,16,165922825.75,231089144.69,4.8
376,River of the Journey,1993,6,161,189512463.28,710445736.85,8.8
377,Trial Reckoning 377,1984,14,41,119221918.13,51687505.70,6.1
378,Legacy of the Journey 378,1986,2,196,40647279.81,29352917.67,6.4
379,Burning Dream: Awakening,1990,5,183,130785073.88,371689644.38,7.9
380,Code of the Storm,2018,9,170,142472465.37,654792004.96,6.4
381,City Chronicles 381,1996,10,55,231663958.70,906392024.82,8.8
382,Echo Rising,2004,13,138,117019794.55,93675386.01,7.3
383,Echo of the Trial 383,1994,12,180,134085409.02,559347140.55,7.2
384,Secret Awakening,2017,12,189,204451030.66,129306991.05,5.0
385,Signal Beyond 385,1995,15,13,127841371.30,392519818.26,9.0
386,Game Awakening 386,1985,6,135,135085267.50,208368507.10,5.9
387,Journey Falling 387,1982,7,126,212785885.64,277328446.33,8.6
388,Midnight Secret 388,2013,3,160,111423390.10,251520319.54,7.6
389,Neon Empire,2000,8,43,170812726.13,814453578.28,5.9
390,Golden River,1981,13,171,173184559.64,726803201.78,8.1
391,Hidden Secret,2020,10,21,22034202.69,27275189.28,9.4
392,Midnight River,2014,11,96,15726023.01,49941485.55,9.5
393,Neon Code: Chronicles,2002,6,98,168536372.13,656724572.56,6.9
394,Code of the Dream 394,1990,2,140,203472319.96,618867670.30,7.3
395,Golden City,2013,15,197,20536063.11,24092700.90,8.4
396,Electric Code 396,2010,1,130,109520445.16,56458441.79,7.4
397,Lost River: Reckoning,1995,7,89,159711977.43,126209138.80,8.1
398,Storm Protocol 398,2004,10,32,60096740.93,63510323.47,5.5
399,Lost Journey,2022,1,94,78566403.03,90275697.21,7.3
400,Horizon of the Storm 400,1982,11,121,14679625.56,19301251.20,6.3
401,River Falling,1981,13,160,194985530.06,895697999.00,8.9
402,Burning Signal 402,1983,5,13,232142442.03,976647824.31,5.4
403,Signal Origins,2013,12,2,66509544.01,241193801.00,9.5
404,Broken Code,2011,15,64,129642342.37,267528233.13,8.4
405,Midnight River: Beyond,1995,3,173,17784342.80,61626944.49,7.5
406,Silent Echo,2016,11,172,167244273.59,293176706.27,5.7
407,Legacy of the Promise,2006,13,184,33931828.85,121404612.22,8.8
408,Electric City: Awakening,1999,13,65,21918816.85,93004925.18,8.7
409,Secret of the Legacy 409,2002,13,96,189778014.72,799269693.95,4.2
410,Electric Promise 410,2023,6,88,136552098.83,166949056.95,5.1
411,Neon Legacy 411,2010,7,79,103681119.02,169110709.96,5.7
412,Golden Journey: Awakening,1986,6,62,139688445.23,363786044.03,5.0
413,Iron Code,2009,10,179,16790225.13,57562468.26,4.2
414,Crimson Storm: Falling,1995,4,56,53420888.07,201193978.24,6.0
415,Signal of the Dream,2005,12,57,201966190.42,796993155.11,4.5
416,Dream Returns 416,1987,9,13,152204439.17,193896748.86,7.4
417,Midnight Promise,1988,7,165,81770511.66,113919198.29,9.0
418,Broken Promise: Origins,1985,15,193,153550979.05,402533946.30,8.3
419,The Echo,2012,14,105,195059966.38,696219483.83,7.0
420,Promise of the Signal,1991,4,7,249319882.78,131978022.85,4.6
421,Hidden Trial: Origins,1988,14,153,131681631.60,60274484.93,7.9
422,Echo of the Empire,1996,12,73,206025669.82,622757351.70,9.5
423,Last Code 423,2019,11,55,98852710.38,304749813.06,6.0
424,Lost Code,2018,2,32,217904136.72,700097509.89,7.3
425,Secret Reckoning 425,1994,4,102,133177297.65,254232968.03,4.2
426,Promise Returns,1992,3,186,40683008.97,54864155.79,7.4
427,Midnight Journey,2008,5,86,85417129.30,63010195.86,5.5
428,Electric Empire: Protocol,1998,3,134,134722100.53,611495259.72,4.2
429,Last Journey,1995,8,102,108024376.46,502493395.08,8.2
430,Lost Echo,1988,7,200,211864437.48,959940596.13,9.4
431,Broken River 431,1993,6,100,100360833.05,308376782.46,8.7
432,Secret Returns 432,2023,8,19,81113986.10,298394807.85,4.6
433,City Rebellion 433,1996,15,88,89915141.78,359350341.02,6.9
434,Horizon Returns,1986,8,161,212086781.29,480945728.89,7.2
435,Burning Signal: Rising,2013,14,68,73664604.66,341639335.81,4.7
436,City Rising,2013,8,200,49726192.95,85187787.51,6.7
437,Hidden Journey: Rising,1993,4,166,94514196.21,338830773.61,4.3
438,Neon Code,2018,14,13,127588768.88,608603302.22,7.3
439,Crimson Secret: Awakening,1998,10,47,233837956.30,828832131.81,6.6
440,Game of the Secret,2005,13,154,176981166.89,556537191.98,7.6
441,Promise of the Echo,2022,5,142,160974705.89,602331361.19,8.3
442,River Protocol,2013,5,38,134513253.64,270532270.39,6.2
443,River Returns 443,2016,2,76,6786431.30,17657811.65,5.8
444,City of the Horizon,1986,3,200,202058737.36,279108341.22,8.4
445,City Falling,2015,1,105,156121140.45,78220898.67,7.2
446,Code Beyond,2009,13,107,243127125.51,129900260.98,6.5
447,Electric Legacy: Beyond,1994,9,156,56268741.02,188424030.53,7.4
448,Burning Storm,1988,11,144,189617534.41,773312165.54,9.6
449,Storm of the Empire 449,2006,15,170,30774611.99,31599606.12,8.0
450,City Chronicles 450,2015,13,38,102448386.33,384966529.29,7.1
451,Burning Game,1985,13,141,96534821.20,199296416.61,6.3
452,Secret Returns 452,1993,1,144,121259375.70,275767677.78,7.8
453,Secret Chronicles 453,2013,6,147,85207843.95,380438909.92,4.7
454,Electric Echo: Rising,2005,9,39,61289298.53,239251828.05,5.8
455,Horizon of the City,1981,14,43,120386705.92,166667281.59,4.0
456,Promise Falling 456,2004,2,15,30520810.46,143767130.41,6.2
457,Last City 457,2022,4,157,84707983.99,395227739.00,8.9
458,Iron Journey 458,2013,1,157,162598871.53,122349067.98,7.6
459,Game Rebellion 459,2000,1,117,102836075.08,121308777.69,7.6
460,Dark Empire: Origins,2008,11,106,157303952.42,97735519.37,6.1
461,Echo of the River 461,2008,8,154,71452986.91,79611063.95,8.1
462,Midnight Game,2005,13,106,168341266.17,509025749.04,6.0
463,Horizon Rebellion,2011,12,161,206762498.11,922253198.12,9.3
464,Last Legacy: Returns,1984,13,200,66991148.93,143898808.69,7.0
465,Midnight Echo: Awakening,1992,8,60,23662931.42,23277910.74,9.3
466,Silent Game,1992,6,103,28515251.97,79746204.99,4.5
467,Secret Reckoning 467,1990,11,27,21030754.32,23530982.48,6.2
468,Broken Promise: Returns,1995,14,132,244916736.79,440391184.02,6.7
469,Midnight River 469,1993,8,20,223013035.03,624175727.77,5.8
470,Broken Code 470,2017,6,13,36501506.19,78134743.94,6.9
471,Dream of the Signal,1998,1,61,113757052.58,386889380.23,8.7
472,Echo Awakening,1986,15,37,226403134.14,828642811.05,6.8
473,Promise Returns 473,1984,1,42,160307022.53,683548908.02,9.1
474,Secret of the Journey 474,1996,9,108,44147475.75,123743181.10,8.2
475,Echo Falling 475,2023,10,113,59615331.78,135594488.44,8.7
476,Horizon Origins,2012,3,140,170860637.93,307744473.22,4.2
477,Hidden Dream 477,1981,8,180,147769980.60,526712040.56,6.4
478,Game Rising,2024,1,104,215434653.32,556778662.36,9.1
479,River Returns 479,2003,13,1,94965032.54,98001036.05,7.8
480,The Secret: Protocol,2020,6,84,168959934.69,131659015.70,6.2
481,Lost Trial,2014,8,27,172156752.09,375596558.52,4.9
482,Lost Horizon,1991,2,147,35977905.98,104286096.47,9.5
483,Neon Signal: Rising,2014,13,175,68226594.04,156363668.39,7.5
484,Trial Beyond,1990,3,10,212941806.18,833218808.35,9.4
485,Code Rebellion 485,2007,12,154,179612638.18,270028514.47,9.5
486,Dark Storm 486,2001,14,189,153017898.00,433894463.40,4.4
487,Midnight Trial,2008,11,140,127622423.20,591490619.02,8.3
488,City of the Dream,2008,2,92,231026867.09,331578090.51,7.1
489,Code of the City 489,1992,9,197,243069231.49,296969483.92,9.3
490,City of the Signal,1984,10,17,180273068.26,598550874.92,6.6
491,Game Awakening 491,1989,14,160,144286325.19,334808355.84,6.8
492,Electric Signal: Rising,2000,9,148,50244165.83,239887975.38,4.2
493,Burning Empire: Protocol,2005,11,48,171061173.59,664843454.72,6.1
494,Electric Promise 494,2004,7,187,155455481.02,531143905.70,7.2
495,Dark River: Beyond,1990,5,139,45212941.15,166586190.56,8.9
496,Shadow Trial: Returns,2005,8,152,99425650.94,101171396.36,8.7
497,Game of the Game,2020,3,175,133876722.13,392879191.88,5.5
498,Golden City 498,1994,14,50,137226248.93,599222940.37,7.3
499,Midnight Echo: Origins,1990,5,21,171590610.59,760212872.54,5.1
500,Game Returns 500,1991,15,88,98185518.25,457737270.08,5.0
501,Lost Journey 501,2001,9,156,195748120.73,397021876.03,5.3
502,Game of the Signal,2005,6,94,7876328.65,25531998.72,7.0
503,Silent Empire: Returns,2000,1,157,81129691.77,206570869.39,7.9
504,Burning Game 504,1999,11,160,31314478.03,105588585.10,6.9
505,Crimson Legacy: Chronicles,1987,15,124,150351759.97,169173622.48,5.1
506,Promise of the Storm 506,1982,2,94,53731187.71,94209798.71,5.9
507,Game Reckoning,2000,4,28,55324074.00,64366379.21,7.5
508,The Empire: Rebellion,2010,12,135,25698405.82,100602485.56,6.5
509,The Secret 509,1997,14,39,174735790.66,564496725.53,4.6
510,Signal of the Empire,2002,3,117,96658699.38,263736481.34,9.7
511,Game Beyond,2018,12,34,189804554.03,81539414.25,6.1
512,Lost Secret: Reckoning,2013,9,197,88056589.42,98295272.51,4.8
513,Signal of the Dream 513,2006,1,84,216212553.38,641652988.24,6.4
514,Lost Trial: Protocol,1997,5,43,35847436.95,125711486.21,6.9
515,Shadow Signal: Awakening,2017,7,94,199455708.66,358270330.03,8.1
516,The River: Rising,1999,10,31,241957147.25,961692239.61,6.4
517,Promise Returns 517,1982,1,40,200702940.64,409236473.62,5.3
518,Golden Storm,1988,11,30,200129057.41,844811678.51,4.4
519,Trial Falling,2010,1,134,52216680.72,166321751.89,7.2
520,River of the Dream 520,1998,5,73,213003847.42,577045385.56,6.2
521,Electric City: Awakening 521,2024,15,57,106633475.00,464391190.72,8.5
522,Dark Legacy: Falling,1980,3,94,211721867.86,1002095666.33,8.0
523,Legacy Falling,2013,4,45,177330100.29,701164683.99,4.6
524,Crimson Promise: Rising,1988,4,156,37088333.11,152104260.93,4.0
525,River of the Legacy,2004,12,3,221542310.08,595106647.85,6.4
526,Signal of the Journey 526,2025,9,119,87234264.20,239288619.90,8.4
527,Storm of the Code,1985,11,117,45469878.82,54333180.77,6.0
528,Golden River 528,2003,9,161,67509133.49,67302097.99,4.9
529,Echo of the Trial 529,2019,2,131,204441998.53,850778904.26,8.2
530,Promise of the Trial 530,2015,4,187,26909111.49,17050270.55,9.0
531,Echo Rebellion 531,2010,3,17,115105934.02,154967290.55,6.5
532,River Rebellion 532,2021,10,48,239237714.28,1070536949.82,5.9
533,Midnight City 533,2016,15,158,54703476.33,121033477.07,5.0
534,Legacy Awakening 534,2000,11,150,20227674.03,35076275.75,7.2
535,Storm Beyond,2000,11,94,176063857.16,259851445.61,7.3
536,Legacy of the River 536,1999,5,107,31855902.47,114332703.16,6.6
537,Crimson Secret: Origins,2005,5,64,235561739.00,686095320.47,5.5
538,Empire of the River,2019,12,186,30445008.25,131838953.45,7.4
539,Secret of the Signal,2016,3,113,18865795.30,12148159.12,5.4
540,Horizon Beyond,2011,12,29,54737942.82,192395223.85,8.7
541,Shadow Secret,2013,4,34,38586035.02,153349059.19,8.3
542,Empire Rising,2003,7,187,197960558.08,830861031.84,7.1
543,Signal of the Signal 543,1996,13,142,123002939.13,488034391.94,7.9
544,Electric Signal: Protocol,2012,14,146,110434931.90,376343265.41,8.0
545,Silent Empire,1991,4,164,134444907.78,600556172.75,8.6
546,Last Dream: Falling,1997,5,61,230752348.28,747589175.47,8.6
547,The Secret 547,2002,14,42,238592407.57,1010875257.35,7.3
548,Electric Empire: Falling,1989,11,148,43118797.95,193094252.25,9.4
549,Crimson Game,1999,4,123,70380270.17,296904138.71,6.9
550,Promise of the Horizon,1992,15,2,144772470.11,689925524.46,4.5
551,River Falling 551,1987,3,102,13531491.00,14398853.81,4.9
552,Empire Falling,2023,15,180,240088328.55,529272476.92,8.3
553,Shadow Echo 553,2018,13,191,168849270.39,153671264.63,6.2
554,Electric Journey: Beyond,1991,1,31,154950728.63,83741010.99,4.8
555,Dark Horizon 555,2008,15,64,50690905.80,159224477.36,8.2
556,Trial of the Echo 556,1992,7,98,85322326.27,235408838.93,7.8
557,Shadow Promise: Falling,2022,13,78,194497215.93,166483801.08,8.4
558,Iron Empire: Rebellion,1998,1,143,171235866.69,539655472.58,4.8
559,Journey Protocol 559,2022,6,35,38806827.49,64478981.04,4.7
560,Neon Echo 560,2002,12,98,210152046.45,145105223.14,8.2
561,Game of the Empire,1993,12,171,142864216.60,274163662.62,8.4
562,Lost Storm: Beyond,1986,4,117,30984607.79,49948195.32,6.4
563,Last Echo: Awakening,2003,7,79,190999174.67,185931557.38,8.8
564,Dream Returns 564,1981,3,124,232651029.40,525517513.39,6.1
565,Broken City 565,2015,8,72,16486777.63,50052108.40,4.4
566,Golden Storm 566,2017,1,106,58208010.31,55677371.40,5.6
567,Journey Chronicles 567,1996,14,41,207200258.40,706879066.83,7.7
568,Dream of the Horizon,1982,4,16,32486628.67,101066021.60,9.2
569,Hidden Horizon: Protocol,2020,8,95,106662499.45,411940610.40,7.6
570,Shadow Game 570,2003,5,109,211111069.37,962959641.31,5.4
571,Neon Secret,1996,8,112,2178908.07,1294584.82,4.3
572,Signal of the Legacy,2012,2,10,52994033.79,209158213.78,8.2
573,Signal of the Empire 573,1986,8,103,70128242.82,319092085.47,6.8
574,Shadow Horizon 574,2014,1,133,25710939.48,92501725.23,6.1
575,Silent Signal 575,1981,14,185,28383132.06,54153982.06,4.3
576,Last Empire: Chronicles,1982,7,116,26764111.55,17051028.68,8.1
577,Midnight Legacy,2003,9,71,123770231.86,158150624.33,6.3
578,Hidden City: Reckoning,1981,1,145,109621379.33,212151098.74,8.9
579,Trial Returns 579,2018,5,128,8876485.42,8256765.12,4.0
580,Iron City: Reckoning,2018,7,41,205912483.63,915406048.28,6.5
581,Journey Origins,2007,14,39,21114953.13,62809545.19,7.0
582,Golden Trial: Rebellion,1981,1,15,244985969.89,532386628.29,6.4
583,Promise of the Echo 583,1981,13,18,199083193.50,123937498.07,7.4
584,Iron Journey 584,1996,1,6,187632132.88,291928287.78,5.3
585,Golden Legacy 585,2016,13,180,214693198.69,682021923.89,5.5
586,Neon Horizon,2022,12,17,80191478.28,92808044.81,5.5
587,Trial of the Legacy,1999,11,154,205695348.29,923314690.97,6.3
588,City of the Horizon 588,2021,2,51,116617067.88,271913255.78,4.7
589,Legacy Origins,2015,12,75,26860771.52,118067416.00,9.4
590,Secret Protocol,1998,1,125,120753131.72,189723232.82,5.3
591,Crimson Horizon: Falling,2007,3,54,184636538.97,859479364.79,7.8
592,Game of the Trial,2019,8,4,18148405.66,72942113.57,5.5
593,Promise Falling 593,1988,1,55,117616215.98,313860458.86,8.7
594,Last Game: Beyond,2006,1,41,165697854.12,546929004.33,7.6
595,Echo of the River 595,1985,4,95,171560020.65,635470833.08,7.3
596,Burning Trial: Beyond,1987,2,114,240686028.31,870371131.17,7.1
597,Lost River: Awakening,1981,14,19,242671289.44,1088024797.79,9.1
598,Signal of the Storm 598,1987,8,92,131203653.68,478205895.43,5.3
599,Broken Dream 599,2008,15,3,135466288.92,90971536.83,4.1
600,Horizon of the Promise,2000,8,171,24783721.85,101796845.77,8.8
601,Signal Origins 601,1999,10,104,24238671.39,78799648.72,4.5
602,Dream Reckoning,2023,14,152,68698404.99,77460029.02,7.8
603,Silent Journey: Falling,2017,11,123,166648981.60,103340975.45,4.2
604,Hidden Echo,1996,15,23,197843974.50,447819894.01,6.0
605,Storm Reckoning,2015,11,64,45491777.44,75066748.36,9.1
606,River of the Code,2002,2,200,232856026.69,688450136.29,8.9
607,City of the Signal 607,2020,1,155,231667433.33,808252585.92,5.6
608,Shadow Promise: Origins 608,1995,12,68,233985791.67,535583245.04,5.5
609,Crimson Secret: Returns,1980,3,144,85497451.00,179383478.19,4.9
610,Code Beyond 610,2020,7,71,136340984.79,129558548.18,6.9
611,Code Reckoning,2005,9,179,126199483.47,391464875.15,9.0
612,Crimson Game 612,2010,3,193,132511511.08,403967547.15,4.4
613,Storm Rebellion 613,1984,2,77,19852482.25,95179301.55,4.6
614,Silent Legacy,2020,14,42,249646878.19,1058948209.73,8.1
615,Burning Code,2010,12,105,223768953.52,425968296.81,9.6
616,Burning River,2000,9,131,24957296.30,46490031.03,8.7
617,Broken Storm 617,2003,15,72,187993400.17,485136639.35,5.5
618,City of the Game,2021,1,50,174708115.68,280203936.69,8.5
619,Neon Signal 619,1984,8,194,185473387.89,805869461.41,9.3
620,Lost Signal,1988,12,67,149244977.65,436128471.31,7.1
621,Hidden Code,1980,14,103,116238678.00,328382750.03,4.6
622,Trial of the City,2006,9,27,197138301.14,807248298.34,7.5
623,Journey Rebellion 623,1996,9,109,154692339.32,428339455.07,8.6
624,Midnight Echo: Falling,2005,12,159,138063700.85,244525927.00,6.9
625,Last Horizon,2000,6,151,66412890.56,118191365.55,7.8
626,Storm of the Legacy 626,1988,12,154,170361476.60,112061657.86,7.9
627,Promise of the City,2024,15,98,222454724.51,132527202.72,4.6
628,Legacy of the City 628,2023,12,16,57926703.07,175079334.00,8.3
629,Golden Storm: Rebellion,2000,4,106,244002261.01,792890564.36,4.6
630,Neon River: Chronicles,1983,7,125,3408065.08,1734712.21,7.7
631,Trial of the Game,2013,10,65,45963493.97,77705717.12,6.1
632,Empire of the Storm,1997,13,190,215598720.56,668122764.75,6.5
633,Game of the Storm,2007,5,42,5067236.63,19651823.37,5.8
634,Neon Storm: Returns,2011,13,114,85969309.86,371975438.62,7.3
635,Dark Secret: Reckoning,1992,13,130,201608259.69,106272124.21,4.7
636,The Promise: Reckoning,2004,13,34,213790623.94,258907196.12,6.4
637,River of the Game,2020,6,155,152647676.04,214801124.93,4.3
638,City of the Echo,1991,2,45,39310722.81,47038951.10,8.3
639,Broken Empire,2010,12,169,119276184.57,258285280.41,8.4
640,Lost Secret: Beyond,1986,2,46,71311255.68,337114926.25,4.5
641,Hidden Horizon,2020,7,16,3020642.75,13228977.13,7.1
642,Shadow Horizon 642,2013,7,124,178175312.59,848685121.06,4.7
643,Hidden River: Reckoning,2018,15,92,111855952.31,431384930.55,4.1
644,Burning River 644,1996,14,43,160190621.99,363624376.15,4.8
645,Silent City: Protocol,1983,4,136,63930287.34,232439615.35,9.0
646,Iron Trial: Awakening,2024,10,187,97388558.29,361434213.48,4.3
647,Signal Protocol 647,2003,5,132,44944864.20,43274420.41,7.8
648,Code of the Code,1996,6,193,245017142.49,387313520.32,4.2
649,Game Falling,2021,6,74,163573448.28,309083888.89,4.8
650,Trial of the Horizon 650,1987,3,50,39809711.63,140801815.56,6.6
651,Electric Trial: Awakening,1985,8,113,225440840.96,485111159.15,5.2
652,Game Falling 652,2011,3,8,49119597.04,199595406.91,7.1
653,Crimson Secret,2010,6,183,4634973.80,12925870.03,8.6
654,Horizon of the Secret,2004,4,11,64850084.50,229889400.00,5.1
655,Storm Returns,1994,6,185,137011688.72,555016739.17,5.5
656,Lost Promise 656,1999,1,10,214672860.70,901235384.14,8.5
657,Iron City,2025,14,102,110974585.44,291051771.29,6.9
658,Dark City: Rising,2002,3,72,64644497.22,286625618.67,9.4
659,Dream Beyond 659,2014,4,137,219933533.75,754176218.68,6.7
660,Silent Trial: Rebellion 660,1986,1,165,172030741.81,640791764.10,8.6
661,Secret of the Horizon 661,1987,3,138,114938591.32,300023353.41,7.8
662,Dark Storm 662,2016,10,109,247060739.91,672462935.58,8.4
663,Trial of the River,2010,10,180,34511957.99,86594009.63,5.6
664,Journey of the Code,1996,7,60,10552653.15,8378633.08,8.2
665,River of the Signal 665,1991,5,34,226282802.97,918532319.11,7.7
666,Empire of the City,1995,4,146,198398671.96,211130044.65,4.6
667,Midnight Horizon,1990,15,146,53707428.89,62223863.73,8.9
668,Shadow Legacy 668,2015,15,55,43194136.76,40298271.13,8.7
669,City of the Promise 669,1991,15,1,5544945.78,19093055.19,6.2
670,Journey of the City,1982,15,8,127718911.38,405899383.19,7.8
671,Dark Empire,1987,1,141,22277434.15,37873320.23,6.1
672,Crimson Signal,1995,15,142,73406704.58,132501206.88,5.4
673,Legacy Protocol,1983,13,124,70176350.76,269853953.50,8.4
674,Silent Journey,1999,7,151,80123468.35,270467771.06,4.6
675,Golden Journey: Rebellion,1981,8,193,101963009.45,122607405.75,6.1
676,Echo of the Trial 676,2004,8,20,83854749.54,366691225.88,4.3
677,Dark Game: Falling,2004,7,69,24368841.36,11145928.28,7.7
678,The Secret: Origins,2025,2,181,210419780.21,1003642840.44,5.3
679,Neon Horizon: Origins,2014,6,26,100607585.26,402325466.36,9.2
680,City of the Signal 680,1982,9,158,5238531.88,19912835.98,8.3
681,River of the City,1992,5,142,36495438.03,100395361.18,7.2
682,Hidden Signal 682,2018,8,4,132696689.10,368328416.43,7.2
683,Neon Horizon: Reckoning,2023,11,165,122095825.04,378888619.36,6.1
684,Midnight Horizon 684,1991,6,117,211207399.28,613586780.19,9.1
685,Hidden Game: Beyond,1995,3,6,235902102.13,232100450.09,9.0
686,Neon Echo 686,2016,9,48,95964895.34,166210523.06,4.4
687,Last Dream: Origins,2016,6,36,235275176.09,905679172.88,6.1
688,Horizon of the River,2009,5,181,23917765.30,88280331.68,6.8
689,Last Horizon: Rebellion,1984,2,139,168734106.60,687263634.38,7.1
690,Storm of the Signal,2005,3,112,67668375.95,75515381.56,7.4
691,Midnight Journey: Protocol,2017,2,116,14768550.53,51858066.48,9.7
692,Hidden Game: Rising,1997,15,34,27651094.16,78408252.17,7.9
693,Game Protocol 693,2000,7,200,127190706.24,52491482.19,7.3
694,Electric City 694,2011,14,1,178011194.80,85351382.07,8.2
695,River of the Legacy 695,1994,15,181,224771391.46,495404795.98,9.4
696,Burning Journey: Chronicles,1988,5,121,247982048.78,648134364.73,9.2
697,River Chronicles,1980,1,23,122140491.25,399225779.40,9.2
698,The Dream: Falling,2025,8,62,23887231.73,113995065.76,4.4
699,Last Promise,1983,13,90,235828329.37,759960058.45,8.3
700,Iron Trial,2016,6,1,153188974.99,630050663.31,9.0
701,Silent Game: Origins,1985,6,48,107709813.02,397356444.14,4.2
702,Horizon of the Storm 702,1983,14,146,35336823.40,20952638.84,6.6
703,Burning Signal 703,2023,1,2,239309804.28,365730716.37,8.0
704,Secret Rebellion 704,2016,13,80,141100933.02,259598447.67,5.7
705,Storm of the River,2013,8,106,148884872.47,434977745.63,8.9
706,Crimson Secret 706,2018,5,72,239202646.77,901880300.09,6.4
707,Silent Echo 707,2012,15,37,244384946.32,315161803.27,5.8
708,Legacy of the Trial,1984,1,67,84074100.56,90498026.28,8.4
709,Hidden Code: Beyond,1991,2,120,223261862.55,298875589.58,9.0
710,Empire of the Journey,1995,6,39,106038200.00,70631211.65,8.9
711,Burning Code: Beyond 711,2007,8,50,147689073.25,201407923.20,8.1
712,Echo of the Secret,2012,4,141,76954473.42,90672197.82,8.6
713,The Dream: Origins,2020,14,77,102364209.88,103056077.34,4.3
714,Golden City 714,1997,12,13,99278176.16,235838962.87,5.9
715,Burning Secret: Protocol,1990,4,145,46918907.07,189011342.77,7.4
716,Burning Legacy,1986,1,127,157792598.78,277980465.79,4.2
717,Shadow Storm,1986,2,26,116480879.71,306699479.25,6.2
718,Trial Rising,1998,12,114,170971325.05,108998836.89,8.0
719,Midnight Promise: Awakening,2005,12,159,93680835.64,133846915.85,8.7
720,Iron Empire: Rising,1980,15,22,167215058.15,200969071.54,9.1
721,Last Storm: Returns,1990,14,107,190247318.71,661756003.76,4.3
722,Hidden Trial: Rebellion,1991,15,89,241703184.39,792925662.54,7.9
723,Journey of the Legacy,2001,1,113,71706108.04,330263363.09,6.8
724,Electric Empire: Returns,1988,8,153,138360016.68,621969982.64,8.0
725,Code Rising,2022,13,17,13463907.52,63594014.55,5.6
726,Burning Legacy 726,1993,12,149,30951595.83,50163568.99,4.7
727,Lost Code 727,2007,1,130,153476303.62,717983226.20,5.6
728,Signal Protocol 728,2020,10,25,238919821.42,1136813209.62,5.9
729,Empire Protocol 729,2002,13,193,62042299.09,126859080.90,7.2
730,Electric Empire,2004,2,9,16242232.31,75372372.49,7.2
731,Lost City 731,2005,10,110,235811790.84,1037304523.47,7.1
732,Signal of the Code 732,2025,8,123,66797831.51,255467853.48,9.1
733,Dark Horizon: Protocol,2024,11,33,179589126.74,827588589.53,7.8
734,Storm Protocol 734,1994,1,1,99068680.80,239478285.25,8.3
735,City Protocol,1980,4,42,158771451.42,642253698.43,4.4
736,Horizon Rising,1996,3,101,47135755.89,40790274.61,7.1
737,Code Protocol 737,2020,3,170,236835700.86,826748049.56,4.9
738,Game of the Trial 738,1986,2,4,184701349.83,99844470.08,4.2
739,Signal of the Code 739,1982,6,63,2896221.93,10898320.59,7.1
740,Legacy of the Secret,1995,1,39,221770014.53,202531983.10,6.2
741,Storm of the Secret,1988,10,2,71475086.99,241920901.46,9.5
742,Shadow Horizon 742,2016,9,140,113610181.30,473950252.74,8.9
743,City Awakening 743,2017,13,109,78953690.31,168886828.89,5.3
744,Dark Dream,1980,15,178,36654127.61,74341666.33,7.0
745,Last Secret 745,2009,15,7,174183408.01,166303749.33,9.2
746,City Awakening 746,2002,14,42,57573968.33,213513700.07,4.0
747,Lost Horizon 747,1986,11,156,181800952.61,209440855.12,6.0
748,Lost City 748,2011,12,2,172069270.36,497003318.58,6.5
749,Crimson Journey: Origins,1993,9,96,84080463.15,237329289.33,8.2
750,Midnight Empire,2024,8,43,176438460.73,143702782.97,7.2
751,Promise Beyond,2001,15,61,120469427.31,453999478.03,8.0
752,Golden Echo: Chronicles,2004,10,40,127867299.37,378524496.57,9.1
753,River of the Empire,1983,11,25,248864089.37,250767719.28,8.1
754,River Awakening,1983,3,142,54617232.81,92630848.04,4.7
755,Journey Awakening,1983,5,23,70439940.48,179199817.32,5.6
756,Journey Rising,2013,12,29,17910689.43,83917447.04,9.5
757,Empire Chronicles 757,2023,3,189,157384740.52,71987996.28,4.2
758,Storm of the Game,2025,12,39,55925853.58,54655352.42,8.1
759,Signal Falling 759,1988,12,27,62059264.96,220841013.82,4.2
760,Golden Journey,2006,6,13,102678762.18,219921551.23,4.0
761,Crimson Signal 761,2018,4,113,115044137.10,226151379.83,9.1
762,Broken Trial,1994,3,197,19152859.17,9592482.42,4.9
763,Horizon Beyond 763,2023,12,19,118214600.20,243962836.84,7.5
764,Last Horizon: Reckoning,1993,2,8,67022155.90,275155853.69,8.2
765,Broken Dream 765,2005,3,39,142521038.41,559597047.29,5.2
766,Game of the Echo,1980,9,15,92672783.72,264264987.50,6.1
767,Echo of the River 767,2005,8,193,219437718.66,126955526.60,5.3
768,Neon Secret: Chronicles,1985,10,132,201339192.66,401273743.60,4.3
769,Crimson Secret: Returns 769,1999,11,10,111082354.82,255326656.84,9.6
770,River of the Dream 770,2025,4,146,105082817.44,45979934.15,7.7
771,Dark River,1992,3,44,97257074.85,224556419.34,8.8
772,Dark Trial: Awakening,1996,4,106,166867952.10,741960773.37,8.2
773,Horizon of the Trial,1986,11,132,212762363.97,680716537.56,9.4
774,Burning Game: Falling,2019,2,190,156259506.73,342721034.61,7.6
775,Neon Legacy: Awakening,2022,10,147,171150523.19,267019932.57,5.1
776,Legacy Returns 776,1998,8,48,222407411.46,741400878.59,6.1
777,Iron Trial: Beyond,1996,4,9,202515827.86,295652204.11,4.4
778,Secret of the Journey 778,2011,7,8,94404719.51,336324278.81,6.1
779,City of the Horizon 779,2004,15,177,141583298.10,223939069.00,5.9
780,Silent Storm: Returns,2025,15,185,199675676.40,315548493.79,8.4
781,Secret of the Promise,2007,6,145,118838752.15,495781480.91,6.2
782,Lost Journey 782,2007,4,72,32928580.06,38828264.21,5.6
783,Lost Promise: Protocol,1980,10,86,231435319.10,1046579349.08,9.2
784,City of the Code,1991,13,103,149592219.99,272500871.00,9.4
785,Shadow Legacy: Protocol,2008,3,29,213581967.59,310532835.48,6.6
786,The Trial: Chronicles,2025,10,31,67525229.61,141340180.38,9.3
787,Game of the Promise 787,2021,9,150,50060212.64,194614561.93,4.9
788,Horizon of the City 788,1999,13,82,221703527.17,296940893.94,8.6
789,The Signal,1994,11,198,115287591.92,98997367.56,9.2
790,River Falling 790,2021,11,188,31812507.74,144322066.81,8.7
791,Golden River: Returns,1985,6,187,137922224.54,111229251.18,9.3
792,Code of the Code 792,2003,14,169,70920997.48,308048836.42,6.5
793,Game Rising 793,2023,11,174,125266746.24,112074393.29,5.1
794,Echo Origins 794,2024,9,106,199463209.84,847992535.61,8.7
795,Legacy Origins 795,2009,8,34,144960222.08,313308616.67,5.8
796,Iron River: Origins,1980,2,72,227890144.65,738615702.43,4.3
797,The Empire 797,2014,2,7,232001535.61,467934481.80,7.7
798,Hidden Trial: Returns,1989,8,175,45778077.99,44098191.33,5.8
799,Neon Echo 799,1987,7,7,151647506.70,211930472.63,7.3
800,Echo Rising 800,1993,13,102,132978019.06,420370739.72,4.5
801,River of the Echo,1992,2,51,95453739.12,183442820.23,8.0
802,Storm Awakening,1981,10,166,47842027.15,172016924.04,8.9
803,River Awakening 803,2003,10,91,207070877.76,866208617.00,7.9
804,Echo Beyond,1989,11,178,193058169.39,453272269.58,8.0
805,Secret Protocol 805,2018,10,45,1853907.03,3707440.55,6.7
806,Hidden City 806,1994,3,59,106671870.73,83553247.84,6.0
807,Horizon of the Dream,1985,15,13,138479928.80,335135928.86,6.9
808,Last Empire,1987,13,130,202021056.89,818380345.19,5.1
809,Echo Beyond 809,2011,2,40,100011792.61,195880231.16,8.8
810,Trial of the Secret 810,2023,9,162,240534313.66,843501571.71,9.5
811,Dream of the Legacy 811,2020,7,182,190868133.86,524922185.97,5.5
812,Journey Awakening 812,2000,8,193,66769917.07,69350832.72,9.6
813,Dark River: Protocol,1989,3,183,127827030.11,408133544.92,8.3
814,River Protocol 814,2015,11,190,142169270.50,505605333.13,7.8
815,Silent Storm: Rising,2005,1,97,46985558.29,202464649.01,9.7
816,Iron Trial 816,2004,4,163,197903414.33,496078395.24,8.6
817,Iron Legacy 817,1987,9,15,68981671.65,235101023.26,6.8
818,Electric Signal,1980,8,172,79840944.13,332920461.79,9.4
819,City Rising 819,2000,3,4,222286940.60,159078143.79,8.4
820,Trial of the Storm,2012,13,74,166496594.14,234535403.47,8.7
821,Dark Horizon: Falling,2004,2,81,183028646.37,710026376.31,4.3
822,Last Promise: Rebellion,1991,15,161,165432526.36,334250583.74,6.4
823,Crimson Journey,2023,6,85,107923904.32,51198101.80,9.3
824,Empire Origins 824,2004,10,55,148347251.64,353627336.58,6.8
825,Last Horizon 825,1980,13,36,6012799.46,6869022.15,9.6
826,Silent Horizon,2021,8,25,35284881.41,116834682.33,4.9
827,City of the Empire,1995,13,184,108354122.16,494657548.13,6.3
828,Legacy of the Promise 828,2016,9,122,55081430.33,62015313.34,6.8
829,Hidden Storm 829,2018,13,48,34265124.92,112011013.95,7.8
830,Silent Game: Returns,2024,10,136,134389141.95,334720216.38,7.1
831,Crimson Promise,2020,11,147,225177142.01,781915868.59,5.8
832,Shadow Legacy: Falling,2020,13,98,83210694.27,102253864.06,9.4
833,Hidden Secret: Reckoning,1989,1,41,31581268.65,22255748.31,8.8
834,Midnight Empire 834,1997,5,145,160560842.98,629074164.53,5.6
835,Dream of the City,1980,3,108,242090139.18,591371917.27,5.7
836,Broken Game 836,1999,10,115,148881835.86,664425669.02,9.0
837,The Empire: Reckoning,1992,7,89,107517657.56,511641469.38,5.5
838,Code of the Horizon 838,1995,6,81,175209350.88,432616941.88,4.2
839,Shadow Horizon: Reckoning,2007,10,48,240777184.37,563916896.29,4.6
840,Shadow Storm 840,1994,6,53,13812023.89,28069231.58,6.7
841,Code of the Legacy,2002,2,42,132960525.19,323859820.53,7.8
842,Crimson City: Protocol,1985,14,81,154099257.48,682833321.13,7.5
843,Iron Echo: Chronicles,1998,7,169,109504196.26,187642367.80,5.9
844,Broken Horizon,1994,5,182,65463369.74,47210434.61,9.1
845,Dark Horizon: Origins,2018,10,63,188615901.73,276664720.70,8.0
846,River Returns 846,1998,4,148,220408005.90,938744822.87,5.5
847,Horizon Beyond 847,1983,10,85,125875308.22,121411303.59,8.1
848,Promise Rising 848,2021,13,134,146285269.45,659531984.47,4.6
849,Hidden Storm 849,2016,8,34,16709178.94,19427481.42,8.9
850,Storm of the Storm,1999,15,133,87915292.31,146210849.02,8.0
851,The Code 851,2010,13,150,34280054.10,131021193.74,4.2
852,Horizon Rising 852,1997,10,111,212291757.12,441271001.34,4.4
853,Journey Origins 853,1981,3,189,218848439.43,190222795.85,8.4
854,Storm Rebellion 854,2001,14,101,216283308.36,589710727.43,7.4
855,Secret of the Promise 855,2001,11,174,210136347.25,975223117.48,7.2
856,Silent Code: Protocol,2016,10,56,236178885.65,365794431.71,6.1
857,The Echo: Returns,2005,7,57,22533553.92,31105724.72,7.1
858,Empire Returns,1998,15,47,48837684.85,107078626.93,9.3
859,The Code 859,1992,5,118,74249640.13,116315163.45,5.2
860,Secret of the Game,1994,11,116,178980096.46,398949312.30,8.2
861,Midnight Journey: Awakening,2014,14,8,9618380.91,37343044.66,9.6
862,Electric Trial 862,2016,14,72,96285130.53,285321099.76,4.3
863,Silent Game: Protocol,2011,8,74,17506206.42,27298867.16,9.7
864,Shadow River 864,1983,3,59,134835537.07,523438320.28,6.1
865,Midnight Game: Awakening,2015,10,72,106397890.24,200953482.79,6.6
866,Shadow Empire 866,1992,4,35,130798019.87,140555451.81,8.5
867,Silent Empire 867,1988,6,103,144043801.37,125944896.13,5.2
868,Electric Echo,1994,4,65,102960432.15,240956457.87,8.2
869,River of the Secret 869,2007,13,117,92252225.30,368036044.84,6.5
870,Shadow Code,2010,10,157,87822305.15,349607871.85,5.4
871,Journey Rebellion 871,2021,6,54,15428435.04,70089426.74,5.0
872,Midnight Echo: Awakening 872,2015,13,67,204292086.38,235091203.88,4.2
873,Last Dream,1982,3,139,75057270.05,52513522.81,9.5
874,The Dream: Reckoning 874,2025,3,42,165986472.50,163093676.89,4.3
875,Trial of the Trial,1996,11,140,116448632.57,444277944.95,4.6
876,Echo Chronicles,2024,8,83,206472807.57,458627284.69,7.5
877,River of the Secret 877,1983,7,93,160494964.16,224775767.16,9.0
878,River Protocol 878,2023,8,162,38361980.05,100718331.20,9.3
879,Midnight Code: Beyond,2018,1,150,195812366.71,374053567.76,6.2
880,Neon River 880,1989,4,125,63402287.92,77703088.07,7.3
881,Silent Journey 881,1986,3,22,22859240.15,13885699.51,7.0
882,Hidden Game,2002,12,142,104858272.11,465585207.75,7.5
883,Horizon Awakening,1983,14,125,73899989.25,41283203.21,7.6
884,Horizon Protocol 884,2002,2,151,242948667.44,757004307.55,8.0
885,Journey of the Code 885,1987,8,27,44406876.97,45528678.65,6.8
886,Shadow River: Falling,1995,4,143,114419271.26,128105990.49,6.1
887,Game of the Legacy 887,2004,3,97,170263110.15,581352584.16,5.5
888,Dark Code: Origins,1992,12,189,1874670.16,5200607.32,5.1
889,The Code: Origins,1981,5,129,210393529.38,546186082.89,7.4
890,Last Horizon: Protocol,1981,13,43,4065612.20,8320033.42,7.9
891,City Reckoning 891,1992,13,175,112876468.42,172979360.47,8.0
892,Legacy of the Code,2020,11,54,41249643.75,175791620.91,8.2
893,Crimson River: Rising,1991,8,128,119330077.15,465038591.51,4.9
894,Empire Protocol 894,2006,2,103,88298486.00,67843771.28,8.6
895,Legacy of the Empire 895,2016,12,41,39000979.96,64651344.95,4.4
896,City Returns,1989,10,82,79977452.09,265948886.15,7.3
897,Electric Secret: Awakening,2009,11,185,203372459.12,659193482.24,5.0
898,Electric Trial 898,1982,7,97,20385450.13,67644620.26,7.6
899,The Code 899,2015,6,25,49841141.16,178677799.10,5.3
900,Shadow Game 900,2016,9,58,176536561.14,192592429.22,8.7
901,Midnight Storm,1989,2,45,195854575.38,399014147.08,5.7
902,Burning Empire: Falling,2014,3,112,136544807.25,376516302.92,9.7
903,Dark Secret: Awakening 903,2017,2,136,82689079.75,235465165.80,4.3
904,Dream of the Trial,2023,1,11,198961196.99,235114436.03,9.3
905,Trial of the City 905,2013,8,63,208229213.26,560435661.73,8.4
906,Journey of the River 906,1998,14,103,187610181.22,714853228.19,4.7
907,Secret of the River 907,1993,5,169,46302711.03,142902484.17,8.1
908,Shadow Horizon: Chronicles,1991,2,50,46980900.35,81972669.78,4.4
909,Last Dream 909,2014,4,29,71429020.28,181188940.13,6.9
910,Crimson Journey: Beyond,2019,8,40,206607514.00,451955092.29,7.5
911,The Legacy,1986,11,42,129151285.51,164837713.90,8.2
912,The Empire 912,2007,7,105,6702787.41,22977363.91,5.0
913,Legacy of the Game,2002,15,51,187376942.10,519532931.13,5.1
914,Echo Beyond 914,1986,1,83,158504363.46,291204981.43,5.0
915,Game of the Secret 915,1995,9,182,1974883.24,3877137.09,7.9
916,City of the Signal 916,2019,3,169,194920822.93,736049880.80,4.4
917,River Beyond 917,2024,7,42,205924785.99,767617722.70,9.3
918,Legacy Origins 918,1993,15,129,152939326.05,320500253.05,8.5
919,River of the City 919,2006,15,192,22200493.91,41723141.01,4.7
920,Last Legacy 920,2009,2,64,109362279.85,190366078.60,8.4
921,Promise Beyond 921,1989,11,130,198088832.37,254534318.90,5.3
922,Lost Dream,2012,12,58,88307912.48,107918790.09,8.2
923,Dream of the City 923,2000,12,196,184466374.59,642200461.11,6.3
924,Empire Beyond,1986,11,12,106489246.11,337385462.32,6.1
925,Dream Rebellion 925,2013,2,168,203584835.81,303014458.33,4.4
926,Horizon of the Game,2008,7,30,115970111.43,303138808.63,4.6
927,Journey Rising 927,2014,11,64,135942919.17,233168988.75,7.8
928,Signal of the City,2025,14,188,38942810.70,82538221.73,6.1
929,Code Rebellion 929,1990,10,91,144324417.16,117549853.57,5.8
930,Electric City: Rising,2012,10,145,222940619.03,248586292.78,5.9
931,Code of the Trial,2008,12,77,221818716.01,654156466.06,7.5
932,Last Secret: Origins,2010,3,196,154909623.59,350316649.09,9.6
933,Code of the Trial 933,2016,10,102,121881156.88,350373932.13,7.2
934,Broken Code: Falling,2023,8,66,140448767.11,479852945.64,8.8
935,Legacy of the Code 935,2012,4,156,200792690.98,828613508.91,4.6
936,Broken Code 936,2009,9,162,86825626.75,187034484.86,7.3
937,Trial Beyond 937,2017,9,8,67407443.04,120697288.47,8.5
938,Shadow City,2005,15,3,82676753.97,95240805.17,8.8
939,The Game 939,1988,8,11,100081843.50,167683439.20,7.4
940,Empire Beyond 940,2014,3,70,134358359.81,203111647.70,7.0
941,Code of the Trial 941,2014,10,143,48703542.28,162143430.28,4.2
942,Lost Storm,2014,9,61,155285311.11,565600458.35,5.5
943,Burning Empire: Rising,2006,14,61,5120368.86,22898284.93,6.5
944,Promise of the Horizon 944,1980,4,12,170394775.58,608121392.86,8.3
945,Code of the Promise,2018,6,166,52021481.03,229368227.41,9.4
946,Broken Dream: Rebellion,2015,5,197,141985314.13,572493205.79,9.6
947,Lost Dream 947,1983,9,195,120743314.01,431350520.17,4.1
948,City Protocol 948,1990,7,165,201205999.15,108130521.50,7.6
949,Shadow Horizon: Rebellion,2024,2,13,58885159.54,261644992.04,5.7
950,Game of the Echo 950,1982,7,124,69653298.18,132964945.01,6.4
951,Promise Protocol 951,2003,3,78,235089631.04,484860879.12,8.5
952,Secret of the River 952,2002,10,153,109892707.88,274931982.34,5.8
953,Hidden Secret: Rising,1991,14,47,32533720.04,14146420.98,5.3
954,Golden Horizon: Returns,1996,8,79,120879478.45,255141475.21,7.1
955,Storm Rising,2018,7,84,43924530.19,181480957.48,8.7
956,Promise Awakening 956,2011,14,21,242408115.28,403577363.60,8.2
957,Promise Falling 957,2024,14,153,15504615.46,56754617.14,6.2
958,Dream of the River,2025,13,121,60351896.56,230950059.04,4.8
959,Lost Storm: Protocol,2007,13,70,134713819.34,377271756.43,5.4
960,Shadow Journey: Protocol,2015,6,44,46464743.24,155276385.47,5.0
961,Hidden Promise,1986,7,30,244408343.38,450161954.02,6.1
962,Dark Dream 962,1983,6,14,132979613.26,425750337.91,6.1
963,Neon River: Chronicles 963,2009,5,69,118696557.90,446847124.53,7.6
964,Promise of the Storm 964,2008,14,136,183352334.05,761639960.71,5.7
965,Iron Echo: Rebellion,2017,5,180,201735746.99,587602710.97,5.1
966,Promise Beyond 966,1993,1,86,58994950.22,156124146.49,4.2
967,City Rising 967,1993,7,22,218650960.67,153503854.62,5.1
968,Golden Secret,2012,8,130,134434551.58,157337271.14,9.2
969,River of the Storm 969,1991,8,140,119591632.14,52910660.51,8.7
970,Iron Trial: Returns,2023,2,81,46612510.00,109947234.60,5.7
971,Lost Horizon 971,2000,12,58,121433784.11,479107137.05,6.9
972,Dream of the Promise,1986,6,109,171861430.18,210901937.97,5.6
973,Dark Legacy 973,2010,8,191,95656625.55,106693029.99,8.6
974,Trial of the Secret 974,1993,14,102,35433102.37,108433986.80,5.5
975,Midnight Empire 975,2007,5,88,14585584.26,43540660.24,7.3
976,Lost Echo 976,1987,1,137,149500978.49,283640887.90,5.3
977,Trial of the Signal,1994,14,176,177654255.16,199042700.77,8.0
978,Crimson Secret: Rebellion,1998,15,74,43794995.02,74327105.15,5.6
979,Storm of the Trial,2009,10,95,110353044.79,316556098.68,9.0
980,Iron Horizon,2025,10,90,188927079.87,180659821.64,7.0
981,Iron River 981,1983,3,37,19257090.89,70843883.67,6.6
982,Hidden Empire,1999,9,139,48101560.68,148014174.34,8.9
983,Neon Promise: Chronicles,2001,13,149,132986544.14,589127459.68,5.5
984,Last River 984,1993,7,128,190496534.00,210204207.66,9.7
985,Neon Promise 985,1993,11,8,53665131.23,140185180.31,8.3
986,Burning Storm: Rebellion,2016,4,157,246538767.03,631979959.05,7.1
987,Game Falling 987,1980,15,6,184865291.89,575977134.83,9.2
988,Echo of the City 988,2008,8,148,13178028.37,23572076.31,7.2
989,Midnight Signal: Beyond,2017,4,57,206043491.71,421182322.02,7.6
990,Silent River: Reckoning,1981,13,185,116972843.20,432286000.24,8.4
991,The Legacy 991,1981,12,191,31702161.33,92981246.67,8.5
992,Golden Promise: Returns,2014,3,147,246212579.78,431473903.56,7.7
993,Iron Signal,2007,1,147,16179095.88,44280934.41,8.7
994,Journey Origins 994,2025,2,11,71926655.59,48074681.27,4.8
995,Legacy of the City 995,1993,7,18,226585551.78,1020480417.47,8.5
996,Horizon of the Legacy 996,2005,3,113,21098174.86,72512556.07,6.9
997,Lost Storm: Reckoning,1993,6,62,199922069.24,133059337.66,4.0
998,Iron City: Reckoning 998,1985,6,163,238973154.97,569137546.30,5.4
999,Last City 999,1995,10,125,142672805.40,281222475.43,8.5
1000,Dream Origins 1000,1998,4,101,239194920.97,741302138.45,7.8
