movie_id,cast_id
1,231
1,1298
1,3099
1,3456
1,3744
1,4463
1,4871
2,39
2,563
2,674
2,1451
2,2043
2,2089
2,2101
2,2417
2,2811
2,3095
2,4270
3,287
3,628
3,859
3,1678
3,2176
3,2455
3,2649
3,2743
3,3356
3,3784
3,4387
4,307
4,1020
4,1548
4,3059
4,4590
5,68
5,1109
5,1754
5,2164
5,4018
6,840
6,1101
6,1709
6,3439
6,3459
6,3987
6,4171
7,951
7,1884
7,2124
7,2217
7,2597
7,3714
7,4333
7,4744
7,4850
8,178
8,368
8,3295
8,3374
8,3428
8,4058
8,4712
8,4714
9,30
9,1419
9,1423
9,2280
9,4143
9,4171
9,4396
9,4667
9,4972
10,917
10,1010
10,1113
10,1943
10,2209
10,2621
10,2693
10,2873
10,3716
10,3717
10,4022
10,4405
11,175
11,866
11,982
11,1611
11,2220
11,3144
11,3481
11,4529
11,4588
12,1664
12,1707
12,2500
12,4128
12,4839
13,1684
13,3631
13,3850
13,4043
13,4156
13,4493
14,115
14,1757
14,1823
14,1918
14,2057
14,2327
14,3316
14,3683
14,3891
14,4195
15,70
15,103
15,924
15,1906
15,2860
15,4957
16,190
16,1047
16,1092
16,1527
16,3244
16,3434
16,4200
16,4465
17,286
17,324
17,556
17,697
17,1367
17,1396
17,1906
17,2147
17,2167
17,2918
18,60
18,162
18,464
18,544
18,817
18,1098
18,2200
18,2230
18,2290
18,3784
18,4053
18,4847
19,488
19,617
19,1308
19,1968
19,2218
19,3042
19,3955
19,4513
20,231
20,810
20,1182
20,1184
20,2270
20,3815
20,4457
20,4572
20,4812
21,641
21,1238
21,1454
21,1502
21,1677
21,2096
21,2446
21,3058
21,3194
21,3334
21,4064
21,4705
22,115
22,1413
22,1520
22,1753
22,2172
22,2373
22,3435
23,291
23,423
23,884
23,1577
23,2503
23,4372
24,99
24,412
24,813
24,1224
24,1763
24,3126
24,3272
24,3536
24,3891
24,4308
24,4475
25,261
25,288
25,460
25,575
25,1111
25,1241
25,1392
25,1937
25,2747
25,3203
25,3393
25,4871
26,82
26,256
26,1611
26,2777
26,3353
26,3809
26,3898
26,4455
26,4780
26,4956
27,101
27,213
27,246
27,491
27,785
27,1119
27,1994
27,2733
27,4055
27,4613
28,284
28,733
28,767
28,895
28,1313
28,1407
28,1553
28,1673
28,1772
28,3699
28,3781
28,4429
29,205
29,338
29,620
29,983
29,1168
29,1521
29,3194
29,3872
29,4061
29,4173
29,4640
30,909
30,917
30,1370
30,2289
30,2591
30,3339
30,4064
30,4483
30,4666
31,52
31,2007
31,2104
31,2510
31,3726
31,3883
32,441
32,761
32,1080
32,1182
32,1186
32,1505
32,1848
32,2402
32,2471
32,2954
32,3255
33,1181
33,1484
33,1759
33,2805
33,4815
34,140
34,675
34,1163
34,1477
34,2225
34,2500
34,3655
34,3887
34,4779
35,186
35,774
35,1070
35,1497
35,1706
35,1841
35,2588
35,2893
35,3351
35,3447
35,3853
36,198
36,1098
36,2459
36,3815
36,4565
36,4938
37,304
37,918
37,1077
37,2826
37,2874
37,2942
37,3132
37,4425
37,4787
38,871
38,905
38,2619
38,4400
38,4711
38,4764
39,1399
39,2340
39,3315
39,3522
39,4428
39,4970
40,482
40,1040
40,1753
40,2092
40,3108
40,3452
40,3506
40,3798
40,3924
40,4209
40,4555
41,2206
41,2556
41,3738
41,4098
41,4306
42,194
42,726
42,898
42,1891
42,3591
42,4188
42,4567
42,4625
42,4685
43,703
43,1071
43,2389
43,4020
43,4647
44,358
44,413
44,1048
44,1617
44,1652
44,2464
44,3220
44,3307
44,4335
44,4680
44,4981
45,321
45,1888
45,2204
45,2216
45,2283
45,3581
45,3679
45,4131
45,4177
45,4427
46,961
46,1836
46,2248
46,2610
46,3361
46,4324
46,4703
47,80
47,120
47,541
47,1213
47,1216
47,1364
47,1378
47,1536
47,1633
47,2944
47,4028
48,13
48,17
48,149
48,169
48,500
48,1706
48,1785
48,3088
48,4252
48,4494
49,28
49,40
49,912
49,1961
49,2390
49,3304
49,3715
49,4864
50,22
50,190
50,976
50,994
50,2066
50,3328
51,1138
51,1248
51,1926
51,3150
51,4051
51,4651
52,73
52,367
52,3181
52,3742
52,3767
52,4358
52,4729
52,4768
53,333
53,674
53,2007
53,2114
53,2460
53,3183
53,3484
53,3933
53,4451
53,4487
54,189
54,2272
54,4220
54,4830
54,4889
55,676
55,788
55,793
55,973
55,2002
55,2041
55,3560
55,3651
56,758
56,2123
56,2608
56,3026
56,4549
56,4950
57,99
57,149
57,561
57,1160
57,1230
57,1550
57,2129
57,2532
57,4107
57,4697
58,246
58,1667
58,1960
58,2276
58,2635
58,2654
58,3073
58,3368
58,3383
58,3658
59,440
59,783
59,1215
59,2240
59,2322
59,3314
59,3539
59,3618
59,4768
60,132
60,1131
60,1141
60,2188
60,4510
61,1129
61,1247
61,1823
61,3660
61,4154
61,4206
62,10
62,276
62,574
62,1153
62,1223
62,2840
62,3204
62,4103
62,4349
63,1114
63,1309
63,1579
63,1821
63,1863
63,2147
63,2553
63,2661
63,2822
63,2937
63,3372
63,3831
64,69
64,143
64,715
64,776
64,879
64,1143
64,1307
64,2414
64,2720
64,4498
64,4520
64,4588
65,569
65,1448
65,2682
65,2835
65,3430
65,4625
66,260
66,499
66,938
66,2350
66,3257
67,193
67,441
67,454
67,699
67,1047
67,1417
67,1795
67,2167
67,3346
67,3494
67,4601
67,4929
68,243
68,710
68,736
68,1175
68,1440
68,1643
68,3755
68,4280
69,241
69,563
69,734
69,1025
69,2875
69,3500
69,4652
70,95
70,1839
70,2119
70,2664
70,3066
70,3518
70,3566
70,4078
70,4362
71,377
71,1183
71,1456
71,1793
71,2457
71,2503
71,3128
71,3433
71,3603
72,57
72,207
72,722
72,878
72,1680
72,1939
72,2533
72,2728
72,2998
72,4029
72,4090
73,681
73,1925
73,2126
73,2865
73,3456
73,4024
73,4574
74,32
74,832
74,1034
74,1337
74,1386
74,1502
74,2604
74,3230
74,3712
74,3759
74,4381
75,628
75,1066
75,1251
75,2262
75,2877
75,3174
75,3279
75,3349
75,3427
75,3621
75,4472
76,124
76,493
76,660
76,1308
76,1702
76,2209
76,2404
76,2963
76,3827
76,3878
76,4184
76,4737
77,892
77,2485
77,3382
77,4101
77,4181
78,440
78,1029
78,1193
78,1717
78,1928
78,2228
78,2469
78,2517
78,2520
78,2566
78,3100
78,3435
79,712
79,905
79,1236
79,2071
79,2755
79,3546
79,4953
80,141
80,721
80,1341
80,1410
80,2104
80,2265
80,2319
80,2924
80,3275
80,4710
81,658
81,829
81,1603
81,4040
81,4479
81,4510
82,21
82,1847
82,1913
82,2041
82,2513
82,3515
82,3798
83,531
83,1465
83,2272
83,2356
83,3439
83,4100
83,4119
83,4234
83,4328
83,4807
84,150
84,806
84,2128
84,2846
84,3320
85,359
85,747
85,1319
85,1489
85,2548
85,3040
86,241
86,418
86,674
86,971
86,1528
86,2025
86,2286
86,3289
87,35
87,824
87,1166
87,1964
87,3155
87,3473
87,4069
87,4139
87,4325
88,479
88,512
88,1337
88,1652
88,1660
89,406
89,3660
89,4512
89,4852
89,4872
89,4952
90,109
90,266
90,733
90,1720
90,2262
90,2440
91,374
91,811
91,860
91,877
91,957
91,1972
91,3179
91,3400
91,3823
91,4067
91,4545
91,4831
92,418
92,808
92,2117
92,2334
92,2907
92,4157
92,4767
93,78
93,632
93,987
93,1688
93,1831
93,2693
93,2767
93,2792
93,2988
93,3585
93,4292
93,4343
94,186
94,978
94,1364
94,3635
94,3872
94,4330
94,4573
95,461
95,1128
95,3834
95,3864
95,4905
96,226
96,867
96,918
96,3404
96,3496
96,3834
96,4195
96,4527
97,1064
97,1267
97,1662
97,3851
97,4818
97,4881
98,331
98,989
98,1622
98,1858
98,2059
98,2776
98,3666
98,3942
98,3975
98,4018
98,4387
99,58
99,123
99,869
99,1492
99,2350
99,2883
99,3002
99,3814
99,4482
99,4498
99,4585
100,121
100,1391
100,1591
100,2105
100,2402
101,996
101,1330
101,1526
101,1748
101,3201
101,3238
101,4793
102,2887
102,3133
102,3150
102,4518
102,4936
103,164
103,544
103,970
103,2015
103,2127
103,2921
103,3187
103,3264
103,3580
103,3625
103,3868
103,4736
104,450
104,596
104,733
104,946
104,1164
104,1190
104,2443
104,2637
104,3182
104,3331
105,80
105,1619
105,1783
105,2982
105,3935
106,1283
106,1736
106,2114
106,2311
106,4282
107,1122
107,1820
107,2364
107,4409
107,4439
107,4735
108,84
108,194
108,541
108,878
108,1806
108,2470
108,3483
108,4124
108,4921
109,127
109,384
109,827
109,1208
109,1873
109,2592
110,584
110,1894
110,2008
110,2383
110,2988
110,3089
110,3180
110,3312
110,3902
110,4507
111,26
111,140
111,744
111,766
111,971
111,1907
111,2263
111,2539
111,2670
111,4506
112,1002
112,1274
112,2022
112,2127
112,2622
112,3446
112,3478
112,3871
112,4019
112,4142
112,4521
112,4795
113,626
113,807
113,911
113,1098
113,1121
113,2630
113,2700
113,3679
113,4037
113,4473
114,807
114,2797
114,2968
114,3049
114,4078
114,4151
114,4611
114,4852
115,155
115,374
115,1268
115,1318
115,1861
115,3084
115,3141
115,3784
115,4904
116,2296
116,2398
116,2422
116,3030
116,3464
116,3565
116,3790
117,224
117,301
117,501
117,530
117,834
117,1158
117,1668
117,2934
117,3618
117,3774
117,3800
117,4097
118,1884
118,2160
118,2963
118,3148
118,3938
118,4355
119,131
119,502
119,801
119,1522
119,1774
119,1870
119,2429
119,2515
119,2606
119,3624
119,3987
119,4343
120,1484
120,2472
120,2657
120,3141
120,3761
120,4123
121,1328
121,1416
121,2127
121,2723
121,4610
122,375
122,1209
122,1524
122,2460
122,3300
122,3413
122,3676
122,3694
122,4229
122,4327
122,4547
123,85
123,554
123,1115
123,1179
123,1692
123,1695
123,2054
123,2772
123,3091
123,3649
123,3918
124,1028
124,1134
124,2934
124,3285
124,3421
124,3899
124,4494
124,4946
125,248
125,427
125,3330
125,3533
125,3893
125,4129
125,4334
125,4976
126,472
126,1445
126,1915
126,2742
126,3036
126,3223
126,4236
126,4288
126,4845
127,50
127,209
127,1187
127,2128
127,2842
127,3886
127,4300
127,4948
128,687
128,2109
128,2682
128,3426
128,3515
128,3682
128,4733
128,4884
129,1572
129,2575
129,2636
129,3371
129,3689
130,3796
130,3881
130,4095
130,4098
130,4878
131,227
131,631
131,1301
131,1977
131,2087
131,2128
131,2821
131,3575
131,4317
131,4807
132,1067
132,1483
132,1690
132,1721
132,3297
132,3731
132,3907
133,489
133,847
133,872
133,1207
133,1438
133,1443
133,3950
134,989
134,3040
134,3490
134,3808
134,4015
134,4971
135,469
135,874
135,935
135,1292
135,1347
135,2198
135,2368
135,2413
135,3048
135,3465
135,4450
135,4526
136,65
136,266
136,849
136,1440
136,1699
136,1907
136,3071
136,3481
136,4534
136,4728
136,4740
137,114
137,243
137,1477
137,1534
137,3386
137,4503
137,4659
138,635
138,1511
138,2181
138,2201
138,3257
138,4059
139,208
139,586
139,3460
139,3692
139,4476
140,89
140,159
140,270
140,323
140,659
140,1590
140,1770
140,2386
140,2806
140,3278
140,3651
140,4779
141,1504
141,1514
141,1710
141,2080
141,2291
141,3087
141,3386
141,3759
142,927
142,1310
142,1980
142,2283
142,3550
142,3610
142,3634
142,4614
143,267
143,1822
143,3258
143,4424
143,4611
144,499
144,891
144,1281
144,1794
144,2131
144,2663
144,2866
144,4506
144,4945
144,4954
145,713
145,1043
145,1295
145,1312
145,1477
145,3785
145,4041
145,4432
146,392
146,1821
146,2446
146,2852
146,3176
146,4614
147,488
147,1028
147,1362
147,1407
147,2713
147,3237
147,3439
147,3527
147,3708
147,3717
147,4530
148,192
148,1683
148,2170
148,2916
148,3061
148,3709
148,4008
148,4804
148,4818
149,23
149,2469
149,3563
149,4143
149,4474
150,84
150,178
150,366
150,847
150,1390
150,1408
150,2977
150,3382
150,4057
150,4470
150,4629
151,637
151,1360
151,1526
151,2452
151,3043
152,267
152,284
152,1845
152,2123
152,2290
152,4442
152,4690
152,4791
153,54
153,1286
153,1420
153,1577
153,1690
153,2026
153,2855
154,334
154,551
154,1262
154,2005
154,2715
154,2929
154,3066
155,274
155,487
155,930
155,1852
155,1854
155,2324
155,2692
155,2766
155,3317
155,4759
156,1329
156,1338
156,1579
156,1587
156,1706
156,2012
156,2018
156,2413
156,3229
157,60
157,219
157,1004
157,1035
157,1084
157,1889
157,2208
157,2842
157,4403
157,4411
157,4623
158,472
158,742
158,1325
158,2565
158,2731
158,3218
158,3640
158,4750
158,4903
159,463
159,966
159,1169
159,1623
159,1989
159,3289
159,4067
160,2277
160,2532
160,3045
160,3767
160,3942
160,4817
161,122
161,538
161,762
161,1494
161,2198
161,3146
161,4877
162,802
162,1085
162,1482
162,2801
162,3241
162,3657
162,3672
162,4801
163,819
163,1877
163,1902
163,3051
163,3284
163,3946
164,1239
164,2246
164,2610
164,3266
164,3470
164,3879
164,4168
165,209
165,217
165,843
165,987
165,1163
165,1873
165,3139
165,3488
165,3675
166,1298
166,2201
166,4367
166,4679
166,4859
167,501
167,515
167,868
167,1126
167,1362
167,1566
167,1887
167,2216
167,2719
167,2899
168,82
168,771
168,823
168,861
168,1144
168,1720
168,2220
168,2454
168,2604
168,4767
169,405
169,1145
169,2138
169,3618
169,3777
169,3975
169,4239
169,4844
170,766
170,1040
170,1076
170,1257
170,1936
170,2059
170,2084
170,2633
170,3067
170,4111
170,4467
170,4960
171,61
171,1478
171,2479
171,3958
171,4447
171,4840
172,340
172,1394
172,1625
172,1712
172,1921
172,3132
172,3535
172,4037
172,4573
172,4707
172,4825
172,4830
173,469
173,781
173,1360
173,2253
173,2375
173,2788
173,2903
173,2933
173,3550
173,3828
173,4448
174,2733
174,2944
174,4125
174,4258
174,4320
175,1106
175,1408
175,1409
175,2627
175,3314
175,3582
175,3915
175,4436
176,1027
176,2181
176,3260
176,3951
176,4161
177,657
177,1776
177,2500
177,2613
177,2969
177,3058
177,4798
178,71
178,871
178,1303
178,1383
178,1415
178,1503
178,1504
178,2871
178,2890
178,4369
178,4551
179,105
179,1377
179,1410
179,1477
179,1546
179,2064
179,2457
179,3369
179,3664
179,4526
179,4825
180,715
180,1332
180,1389
180,2013
180,2241
180,2355
181,94
181,111
181,1395
181,3232
181,3421
181,4867
181,4961
182,3
182,326
182,432
182,1101
182,1591
182,2149
182,2808
182,2960
182,3265
182,3358
182,3526
182,4758
183,154
183,323
183,547
183,614
183,1898
183,2336
183,3910
184,692
184,1800
184,2013
184,3038
184,4710
185,712
185,768
185,1102
185,1314
185,1456
185,2441
185,3799
185,4414
186,48
186,175
186,384
186,1177
186,3132
186,3440
186,3780
186,4333
187,306
187,450
187,909
187,1064
187,2302
187,2625
187,3203
187,3277
187,3279
187,3425
187,3572
187,3884
188,85
188,121
188,1790
188,1870
188,2668
188,2900
188,3794
188,4307
188,4690
189,739
189,1202
189,1638
189,2224
189,3471
189,3487
189,3643
190,102
190,912
190,940
190,1624
190,1685
190,2122
190,2320
190,3362
191,813
191,1125
191,1639
191,2455
191,3188
191,3566
192,953
192,1464
192,1611
192,2262
192,2357
192,3182
192,3767
192,3801
192,3850
192,4288
193,260
193,369
193,1476
193,1708
193,2057
193,2395
193,3443
193,3457
193,3905
193,4952
194,570
194,820
194,2686
194,2787
194,3511
194,3616
194,3878
194,4192
194,4510
195,709
195,1413
195,1547
195,4051
195,4626
196,338
196,1382
196,1498
196,1796
196,2185
196,2352
196,2521
196,3648
196,4591
197,638
197,1379
197,1609
197,1795
197,2201
197,2747
197,2830
197,3510
197,4065
198,89
198,1356
198,1847
198,2094
198,2404
198,2941
198,3029
198,3676
198,4392
198,4672
198,4691
199,340
199,1121
199,1417
199,1621
199,2301
199,3425
199,3555
199,3831
199,4225
199,4583
199,4652
200,27
200,100
200,518
200,1861
200,2564
200,2763
200,2777
200,4104
200,4880
201,132
201,267
201,749
201,1429
201,1921
201,2195
201,2282
201,2632
201,3202
201,4765
201,4834
201,4944
202,409
202,637
202,2146
202,2497
202,3501
202,3908
202,4004
202,4372
203,420
203,769
203,1739
203,1820
203,2146
203,2260
203,2406
203,3733
203,3745
203,4139
203,4281
204,675
204,1077
204,2101
204,2879
204,3074
204,3177
204,3393
204,3405
204,3698
204,3829
204,4442
205,551
205,714
205,2433
205,3013
205,3054
205,3311
205,4256
205,4534
206,490
206,1222
206,1368
206,3710
206,3895
207,91
207,336
207,2524
207,2741
207,3723
207,4236
208,168
208,273
208,300
208,1867
208,1935
208,2032
208,2377
208,2765
208,2977
208,3375
208,3510
209,183
209,222
209,1729
209,1731
209,2013
209,2188
209,3247
209,3481
209,3605
209,3958
209,4172
209,4851
210,986
210,1112
210,1500
210,1503
210,2304
210,3362
210,3446
210,3859
210,3895
210,4490
210,4708
211,133
211,3530
211,3704
211,4154
211,4163
211,4194
212,383
212,1682
212,1787
212,2700
212,3173
212,3398
212,3857
212,4116
212,4692
212,4898
213,198
213,1386
213,2496
213,2580
213,3276
213,3946
213,4127
213,4220
214,180
214,481
214,967
214,1131
214,1139
214,2150
214,2480
214,3731
214,4596
214,4678
215,244
215,502
215,572
215,637
215,1531
215,1688
215,3202
215,3289
215,3336
215,3628
215,4466
216,122
216,657
216,1335
216,1453
216,1571
216,3888
216,4170
216,4642
216,4734
216,4754
216,4763
217,984
217,1261
217,1672
217,2645
217,3430
217,4019
217,4603
218,50
218,741
218,2150
218,2523
218,3465
218,3749
218,3799
218,4374
219,248
219,1293
219,1690
219,2392
219,3320
219,4812
219,4845
220,158
220,714
220,926
220,1945
220,2313
220,2478
220,2678
220,4928
221,220
221,521
221,1472
221,2786
221,3117
221,3429
221,3684
221,4413
221,4634
221,4906
222,17
222,1331
222,1556
222,1901
222,2118
222,2225
222,2277
222,3014
222,4200
222,4346
222,4600
222,4975
223,445
223,618
223,915
223,1202
223,3394
223,3817
223,3863
223,4414
224,934
224,1817
224,2221
224,3088
224,3166
225,425
225,764
225,844
225,1163
225,2070
225,3110
225,4187
225,4323
225,4751
225,4759
226,13
226,380
226,446
226,938
226,1279
226,1637
226,3378
226,3677
226,3900
226,4908
227,255
227,258
227,349
227,393
227,1668
227,3656
227,4204
227,4241
227,4419
228,1231
228,1306
228,1357
228,3295
228,3722
228,4332
229,158
229,248
229,1207
229,1425
229,2425
229,2451
229,2673
229,3750
229,4230
229,4314
229,4508
230,18
230,617
230,728
230,1507
230,2258
230,3433
230,3466
230,3826
230,4423
230,4629
231,903
231,1405
231,3153
231,3328
231,3869
231,4914
232,128
232,138
232,272
232,466
232,984
232,1085
232,1094
232,1967
232,3738
232,4345
232,4567
233,1595
233,1789
233,2168
233,2207
233,2299
233,2672
233,3452
234,49
234,90
234,666
234,1169
234,1464
234,1507
234,2074
234,2419
234,2737
234,3970
234,4276
235,153
235,738
235,1280
235,1330
235,1761
235,3064
235,3341
235,4797
235,4888
236,74
236,1497
236,2037
236,2182
236,2984
236,3757
236,4517
236,4669
237,7
237,482
237,1081
237,1985
237,2048
237,2406
237,2608
237,3076
237,3087
237,3319
237,3678
237,4998
238,345
238,1822
238,2096
238,2526
238,2884
238,2908
238,3481
239,134
239,1992
239,2281
239,3009
239,3602
239,4365
240,974
240,1204
240,2038
240,2229
240,2886
240,3701
240,4083
240,4179
240,4242
240,4480
240,4670
241,315
241,1042
241,1248
241,1619
241,1891
241,2265
241,3123
241,3278
241,3368
241,3506
242,604
242,1060
242,2325
242,2543
242,3055
242,3341
242,3798
242,4334
242,4764
242,4795
242,4951
243,414
243,1106
243,1359
243,1427
243,1512
243,1524
243,2102
243,3170
243,3365
243,4297
243,4618
243,4955
244,91
244,596
244,3145
244,3262
244,3416
244,3717
244,4663
245,1265
245,1450
245,1550
245,2825
245,3089
245,4491
245,4817
245,4834
245,4922
245,4942
245,5000
246,1765
246,2627
246,3276
246,3802
246,3912
246,4217
246,4529
246,4555
247,102
247,401
247,995
247,1415
247,1535
247,2024
247,2088
247,2467
247,3049
247,3554
247,3695
247,4303
248,784
248,1554
248,1640
248,2024
248,2682
248,4325
248,4912
248,4941
248,4981
249,37
249,81
249,241
249,1033
249,1268
249,3297
250,407
250,1203
250,2373
250,2438
250,3268
250,3821
251,277
251,580
251,1859
251,2329
251,2499
251,4621
252,137
252,969
252,1673
252,2462
252,2633
252,4061
252,4232
252,4710
253,272
253,1085
253,3562
253,3851
253,4425
253,4453
253,4846
254,94
254,456
254,1110
254,1240
254,1309
254,2432
254,2435
254,2700
254,3144
254,4249
255,254
255,1902
255,1914
255,2760
255,3495
255,3969
255,4672
256,279
256,839
256,1025
256,2139
256,3032
256,3283
256,3296
256,4467
256,4577
256,4657
256,4986
257,23
257,36
257,698
257,2016
257,2986
257,3675
257,3882
258,56
258,824
258,1253
258,2379
258,2537
258,2730
258,3351
258,3528
258,3935
258,4311
258,4685
259,595
259,988
259,1339
259,1848
259,2111
259,2518
259,2605
259,4021
260,105
260,425
260,795
260,2587
260,3316
260,3950
260,4016
260,4065
261,369
261,509
261,601
261,706
261,1390
261,1470
261,1610
261,1850
261,2865
261,3433
261,4066
261,4716
262,582
262,1625
262,2733
262,4225
262,4783
262,4840
262,4896
263,331
263,1507
263,1556
263,1585
263,1721
263,2254
263,2348
263,2408
263,2444
263,2544
263,3675
263,3766
264,211
264,2220
264,3533
264,3637
264,4042
265,43
265,539
265,585
265,625
265,1055
265,1848
265,2583
265,2633
265,3388
265,3854
265,4984
266,280
266,643
266,736
266,1364
266,1958
266,2196
266,2844
266,2927
266,3960
266,4410
266,4566
266,4859
267,12
267,304
267,602
267,1578
267,2096
267,2901
267,3142
267,4169
267,4574
267,4957
268,648
268,782
268,2135
268,2223
268,2630
268,2838
268,2997
268,3215
268,3702
268,4462
269,23
269,385
269,415
269,959
269,3264
269,3874
269,4030
269,4934
270,93
270,104
270,961
270,2014
270,2552
270,2554
270,2613
270,4421
270,4816
271,151
271,198
271,668
271,1226
271,1460
271,2037
271,4421
271,4473
271,4950
272,327
272,1314
272,1955
272,3046
272,3135
272,3225
272,4209
272,4822
273,102
273,173
273,1242
273,1290
273,2284
273,2636
273,3210
273,3644
273,4376
273,4428
273,4982
274,742
274,1669
274,1693
274,1940
274,2315
274,2807
274,3131
274,3421
274,3583
274,4918
275,455
275,1556
275,1640
275,2160
275,2458
275,3838
275,4956
276,438
276,3539
276,3993
276,4122
276,4156
277,349
277,3957
277,4142
277,4575
277,4958
278,337
278,760
278,963
278,1822
278,2312
278,4431
278,4911
279,753
279,822
279,1190
279,1636
279,3102
279,3194
280,2259
280,2747
280,2774
280,4401
280,4535
280,4595
281,1336
281,1528
281,1975
281,2810
281,3272
282,265
282,913
282,2419
282,3304
282,3726
282,4867
283,58
283,149
283,1203
283,1851
283,2569
283,3854
283,4921
284,465
284,655
284,1128
284,1612
284,2234
284,2282
284,2428
284,2977
284,3636
284,3911
284,3935
284,4357
285,602
285,1998
285,2370
285,2777
285,3199
285,4689
286,1084
286,1473
286,2034
286,2677
286,3175
286,3338
286,3344
286,3451
286,3981
287,23
287,112
287,135
287,604
287,1063
287,1130
287,1902
287,2468
287,2977
287,3149
287,4380
288,49
288,397
288,1771
288,2709
288,3181
288,3288
288,3674
288,3983
288,4235
288,4551
289,341
289,1938
289,3223
289,3243
289,3246
290,69
290,361
290,719
290,1059
290,3039
290,3514
290,3556
290,4350
291,66
291,90
291,359
291,989
291,1773
291,4465
291,4806
291,4815
291,4853
292,237
292,481
292,1173
292,1351
292,1944
292,2989
293,191
293,1295
293,1639
293,2149
293,2777
293,3769
293,4984
294,342
294,919
294,1530
294,1895
294,3004
294,3215
294,3830
294,4657
294,4707
294,4895
295,353
295,1090
295,3526
295,3797
295,4370
296,360
296,1123
296,2112
296,2240
296,2342
296,2419
296,2614
296,2636
296,4039
296,4838
297,134
297,742
297,1019
297,1845
297,2338
297,2699
297,4210
297,4567
297,4597
298,2850
298,2871
298,3190
298,4337
298,4490
298,4877
299,1286
299,1376
299,2319
299,2322
299,2705
299,3262
299,3328
299,4892
300,99
300,429
300,1011
300,1224
300,1923
300,2580
300,3113
300,3338
300,4042
300,4056
301,86
301,250
301,841
301,1144
301,2428
301,2537
301,3441
301,3466
301,3668
301,3678
301,4439
302,132
302,516
302,1074
302,1612
302,2895
302,3327
302,3454
303,36
303,223
303,556
303,582
303,1631
303,1888
303,2992
303,3068
303,3615
303,4129
304,443
304,770
304,2589
304,3467
304,3468
304,4072
305,507
305,615
305,1057
305,1469
305,2095
305,2476
305,3060
305,3605
305,4314
305,4687
306,464
306,2010
306,2174
306,2520
306,2674
306,3624
306,4647
306,4840
307,446
307,796
307,1009
307,1752
307,2165
307,2616
307,2621
307,2994
307,3771
307,3831
307,4781
308,2461
308,3260
308,3562
308,4299
308,4355
308,4716
309,1009
309,1596
309,1760
309,1926
309,2641
309,2705
309,3182
309,3520
309,4537
309,4758
309,4975
310,57
310,403
310,1522
310,1990
310,2162
310,3066
310,3244
310,3769
310,3840
310,3918
310,4481
310,4584
311,49
311,210
311,727
311,822
311,1344
311,1521
311,2002
311,2174
311,2949
311,4441
311,4618
311,4944
312,1092
312,1177
312,1554
312,1724
312,1743
312,1778
312,1982
312,3925
312,4005
312,4633
312,4946
313,328
313,1093
313,1343
313,1525
313,1967
313,2123
313,2369
313,2640
313,3235
313,3770
313,4594
314,1307
314,1355
314,1531
314,1834
314,1940
314,2116
314,2771
314,3599
314,3879
314,4383
314,4864
315,178
315,383
315,770
315,1120
315,1494
315,1953
315,4713
316,2
316,535
316,1436
316,1548
316,1868
316,2285
316,2404
316,3468
316,4230
317,579
317,1741
317,2433
317,4053
317,4304
317,4842
317,4954
318,75
318,689
318,2631
318,2690
318,2715
318,3959
318,4982
319,472
319,1040
319,2651
319,2803
319,3187
319,3576
319,3626
319,4657
319,4992
320,31
320,242
320,1019
320,1653
320,1812
320,4515
321,1051
321,1234
321,1268
321,1510
321,1749
321,2015
321,2330
321,3544
321,3682
321,3830
321,4037
322,232
322,277
322,618
322,1670
322,1789
322,2448
322,3264
322,3292
322,3393
322,3629
322,3917
322,4148
323,429
323,1699
323,1951
323,2962
323,4576
324,284
324,308
324,695
324,1109
324,1389
324,2357
324,2493
324,2566
324,2745
324,3875
324,4125
325,152
325,440
325,1084
325,2214
325,3006
325,3559
325,3877
325,4064
325,4148
326,20
326,1129
326,3042
326,3443
326,3507
326,3715
326,4663
327,113
327,328
327,1310
327,1564
327,2008
327,2150
327,2924
327,3306
327,3317
327,3373
327,4165
328,2190
328,2317
328,2581
328,3669
328,4700
328,4875
329,856
329,1712
329,1783
329,2276
329,3969
329,4283
329,4438
329,4676
329,4705
329,4803
329,4810
329,4901
330,282
330,2111
330,3501
330,4146
330,4828
330,4905
331,117
331,1171
331,1701
331,1774
331,2311
331,2430
331,2569
331,3416
331,3576
331,4893
332,831
332,1072
332,1080
332,1823
332,2108
332,3122
332,4838
333,612
333,855
333,1286
333,4372
333,4490
333,4799
334,34
334,134
334,600
334,1495
334,1868
334,2061
334,2362
334,2781
334,3690
334,4608
335,1127
335,1324
335,1339
335,1415
335,1582
335,2460
335,2492
335,2794
335,4078
335,4351
335,4847
336,527
336,1055
336,1158
336,1680
336,3689
336,3778
336,4028
336,4106
336,4129
336,4206
336,4312
337,406
337,474
337,553
337,632
337,1638
337,2093
337,2377
337,2702
337,3150
337,3178
337,4278
337,4479
338,201
338,2221
338,2507
338,2659
338,3207
338,3284
338,3831
338,4395
338,4711
338,4911
339,31
339,1263
339,1580
339,1650
339,1978
339,2207
339,3169
339,3636
339,3644
339,4437
339,4648
340,416
340,487
340,686
340,978
340,1085
340,1153
340,3148
340,3284
340,3418
340,4449
340,4702
341,811
341,2611
341,2644
341,2920
341,3430
342,2276
342,2642
342,2686
342,2708
342,2885
342,2937
342,3266
342,3329
342,4044
342,4090
342,4150
342,4283
343,47
343,1411
343,2088
343,2250
343,3531
343,3853
344,429
344,2766
344,3166
344,3657
344,4291
345,471
345,585
345,1088
345,2092
345,2386
345,2664
345,2891
345,2928
345,3135
345,3398
345,4350
346,563
346,1261
346,1435
346,2103
346,2131
346,2479
347,41
347,140
347,1178
347,1652
347,1653
347,1912
347,2426
347,3331
347,3489
347,4199
347,4336
347,4378
348,163
348,344
348,374
348,521
348,1590
348,2009
348,2444
348,3345
348,3708
348,3850
349,371
349,398
349,498
349,1261
349,1421
349,1739
349,2727
349,3369
349,4200
350,100
350,250
350,567
350,1742
350,2205
350,2278
350,4739
350,4987
351,543
351,1106
351,1253
351,2235
351,2758
351,3897
351,3972
351,3990
351,4718
351,4886
351,4976
352,108
352,898
352,1719
352,2215
352,2448
352,2971
352,3189
352,4315
352,4993
353,117
353,347
353,1677
353,2451
353,2900
353,3094
353,3802
353,4032
353,4174
353,4695
354,155
354,370
354,1150
354,1825
354,2058
354,2759
354,4082
354,4494
354,4695
354,4789
355,9
355,363
355,738
355,1206
355,1382
355,1911
355,2056
355,2215
355,2899
355,4346
355,4920
356,144
356,1567
356,2297
356,2558
356,2721
356,3840
356,4265
357,335
357,790
357,1863
357,3605
357,3767
357,3860
357,4617
358,547
358,932
358,2530
358,2971
358,2993
358,3579
358,3771
358,4363
358,4995
359,31
359,1058
359,1303
359,1651
359,2190
359,2622
359,4104
359,4260
359,4277
359,4282
359,4968
360,256
360,869
360,1304
360,1379
360,1801
360,2005
360,2265
360,3443
360,3518
360,4214
360,4674
361,1358
361,1719
361,2294
361,2397
361,3087
361,3441
361,3763
361,3937
361,4230
361,4495
362,21
362,1490
362,1577
362,3146
362,3301
362,3633
363,709
363,740
363,756
363,3044
363,3840
363,4102
363,4339
363,4431
364,1202
364,2416
364,2560
364,2785
364,2964
364,3126
364,4614
365,192
365,1094
365,1184
365,1252
365,1803
365,1930
365,3444
365,3770
365,3882
365,4496
365,4864
366,221
366,1242
366,1403
366,3689
366,4118
366,4746
367,295
367,464
367,2235
367,2592
367,3510
367,3863
367,4442
367,4696
368,456
368,579
368,2126
368,2299
368,2646
368,3447
368,3647
368,3659
368,3818
368,4067
368,4524
368,4759
369,326
369,635
369,1660
369,1722
369,2572
369,3707
369,4300
369,4431
369,4462
369,4861
370,476
370,531
370,544
370,2479
370,2625
370,2890
370,4048
370,4213
370,4570
370,4760
370,4778
370,4936
371,1374
371,1722
371,2160
371,3200
371,3318
371,4142
371,4178
371,4506
371,4510
371,4986
372,139
372,188
372,650
372,1237
372,1275
372,1683
372,1949
372,3266
372,3368
372,3924
372,4302
372,4864
373,229
373,723
373,818
373,892
373,939
373,1268
373,1478
373,2734
373,4480
373,4483
373,4937
374,58
374,218
374,301
374,806
374,971
374,1097
374,3179
374,3292
374,4002
374,4185
374,4883
375,1081
375,1798
375,3725
375,3941
375,4802
376,1180
376,1893
376,3176
376,4533
376,4546
376,4830
376,4971
377,379
377,1988
377,2252
377,2489
377,3578
377,3721
377,4190
377,4977
378,363
378,1565
378,1846
378,2687
378,3390
378,3447
378,3771
378,4021
378,4187
378,4249
379,109
379,821
379,832
379,1400
379,1787
379,1935
379,2903
379,3623
379,3655
379,3989
380,269
380,350
380,767
380,1041
380,2608
380,2698
380,2788
380,2929
380,3605
380,4300
381,367
381,1715
381,1824
381,2158
381,2244
381,2296
381,2550
381,3012
381,4171
381,4232
381,4403
381,4944
382,422
382,524
382,626
382,2528
382,2551
382,3960
383,404
383,1249
383,1626
383,1859
383,2644
383,3282
384,307
384,612
384,933
384,2657
384,3224
384,3588
384,3657
384,3690
384,4374
384,4406
384,4775
384,4930
385,1165
385,1902
385,2188
385,2479
385,2926
386,203
386,1900
386,2158
386,2392
386,2404
386,3376
386,3468
386,3501
386,3876
386,4198
386,4707
387,178
387,544
387,1104
387,1786
387,1792
387,2616
387,3539
387,3931
387,4085
388,976
388,1313
388,2909
388,2999
388,3712
388,4082
388,4771
388,4927
389,856
389,1708
389,1914
389,3224
389,3598
389,4171
389,4584
390,727
390,1120
390,2716
390,4582
390,4628
391,566
391,742
391,1341
391,1435
391,1857
391,1858
391,2459
391,2493
391,3055
391,3080
392,197
392,1699
392,2028
392,2084
392,2457
392,3188
392,3546
392,3823
392,4404
392,4777
393,1003
393,1448
393,2086
393,2830
393,2923
393,3149
393,3185
393,3858
393,4689
394,25
394,522
394,675
394,942
394,2194
394,3480
394,3621
394,3990
394,4996
395,108
395,589
395,631
395,771
395,1324
395,1357
395,3314
395,4208
395,4521
395,4625
396,480
396,811
396,1868
396,2091
396,2241
396,2457
396,3168
396,3929
396,4840
397,212
397,1028
397,1053
397,2358
397,3685
397,3989
397,4392
397,4846
398,235
398,243
398,1242
398,1649
398,1978
398,2365
398,2850
398,3150
398,3480
398,4712
398,4794
399,955
399,1546
399,3090
399,3405
399,3707
399,3766
399,4570
400,639
400,3093
400,3391
400,3404
400,3568
400,4914
401,1144
401,1971
401,2277
401,2568
401,3229
402,263
402,1049
402,1095
402,1102
402,1804
402,2201
402,4821
403,593
403,1711
403,3469
403,3586
403,4537
404,133
404,592
404,769
404,2934
404,3449
404,3706
404,3886
404,4000
405,221
405,986
405,1227
405,1346
405,1731
405,2248
405,2262
405,2407
405,2494
405,3307
406,514
406,2491
406,2517
406,2871
406,2954
406,3240
406,3558
406,3752
407,431
407,902
407,2018
407,3088
407,3144
407,4011
407,4503
408,545
408,1788
408,2923
408,3110
408,3125
408,4650
408,4789
409,760
409,1294
409,1497
409,2153
409,2447
409,2917
409,3078
409,3594
409,3982
409,4774
410,21
410,216
410,1773
410,2650
410,4486
411,521
411,1707
411,2096
411,2221
411,2364
411,2741
411,2813
412,7
412,1153
412,1480
412,1874
412,1976
412,2464
412,3841
412,3942
412,4370
412,4391
412,4692
413,542
413,686
413,2071
413,2261
413,2959
413,3063
413,3097
413,3951
414,761
414,938
414,1220
414,1622
414,2136
414,2930
414,3752
414,4754
414,4820
415,67
415,115
415,521
415,1098
415,1751
415,1998
415,2339
415,2372
415,2596
415,2640
415,4778
415,4831
416,423
416,425
416,490
416,777
416,1592
416,3064
416,3481
416,3568
416,4060
416,4113
416,4210
416,4329
417,703
417,1689
417,1993
417,2557
417,3936
417,4391
418,532
418,755
418,1875
418,2050
418,2659
418,3549
419,122
419,372
419,636
419,798
419,852
419,1400
419,3380
419,3737
419,3981
419,4382
419,4494
419,4496
420,19
420,434
420,1056
420,2468
420,2623
420,2709
420,3331
420,3468
420,3721
420,4297
420,4489
421,591
421,1622
421,2003
421,2157
421,3050
421,3505
421,4737
422,101
422,273
422,433
422,1513
422,1600
422,1608
422,3312
423,1516
423,2746
423,2747
423,3537
423,4115
424,783
424,1132
424,1378
424,2362
424,2675
425,224
425,1257
425,2370
425,3308
425,3350
425,3936
426,618
426,845
426,2098
426,2581
426,2620
427,157
427,782
427,1686
427,2047
427,3292
427,3477
427,4255
428,259
428,307
428,1055
428,1112
428,1120
428,2277
428,2618
429,387
429,1069
429,1146
429,1443
429,1509
429,3052
429,3095
429,4810
430,380
430,619
430,784
430,933
430,1702
431,828
431,1428
431,1577
431,1713
431,1832
431,1867
431,2513
431,4377
431,4718
432,957
432,1297
432,1488
432,1759
432,1993
432,2083
432,2749
432,3104
432,4236
432,4897
433,1035
433,1522
433,1775
433,2321
433,2441
433,2445
433,2493
433,2731
433,3275
433,4101
433,4993
434,41
434,447
434,1420
434,1425
434,1584
434,2161
434,2193
434,3508
434,3518
434,3523
434,4195
434,4782
435,1453
435,1987
435,2028
435,2267
435,2954
435,3583
435,3718
435,3880
435,4507
435,4693
436,544
436,755
436,1455
436,1901
436,2724
436,2742
436,2919
436,3039
436,3143
436,3312
436,3316
436,4610
437,497
437,1292
437,2018
437,3029
437,3196
437,3412
437,3413
437,3998
437,4186
438,863
438,1796
438,2042
438,2184
438,3027
438,3039
438,3313
438,3873
438,4765
439,1912
439,2219
439,2364
439,2604
439,3227
439,3558
439,3618
440,1043
440,1263
440,1708
440,2047
440,2778
440,3341
440,4518
440,4598
440,4724
440,4756
441,846
441,1235
441,1660
441,2440
441,2776
441,3181
441,3890
441,4046
441,4853
442,1284
442,1610
442,1840
442,3428
442,3750
442,4482
443,1741
443,2019
443,2224
443,2348
443,2692
443,3366
443,3516
443,4098
443,4494
443,4733
444,830
444,1206
444,3222
444,3383
444,4411
445,633
445,788
445,1937
445,3402
445,3854
445,4476
445,4633
445,4836
445,4985
446,240
446,683
446,725
446,832
446,1612
446,1840
446,3225
446,3784
446,4097
446,4222
447,190
447,483
447,1072
447,1706
447,3110
447,3863
447,3883
447,4073
448,34
448,782
448,2244
448,3471
448,3949
448,4394
448,4538
449,1147
449,2254
449,3168
449,4555
449,4701
450,966
450,1004
450,1080
450,1610
450,2339
450,2440
450,3263
450,4851
451,1181
451,1348
451,1507
451,1681
451,2278
451,2430
451,2649
451,2822
451,3184
451,3252
451,3322
451,4737
452,93
452,892
452,1137
452,2463
452,3769
452,4793
452,4823
452,4898
453,655
453,900
453,1488
453,2149
453,3240
453,3389
453,4143
453,4692
454,210
454,725
454,1790
454,1837
454,2394
454,3359
454,3373
454,3699
454,3770
454,4512
454,4647
455,270
455,860
455,881
455,909
455,1392
455,1808
455,2867
455,3192
455,4680
455,4916
456,931
456,2023
456,3288
456,4651
456,4929
457,278
457,667
457,1595
457,1765
457,1855
457,1898
457,2228
457,2230
457,4794
458,374
458,726
458,823
458,1681
458,2174
458,2242
458,2306
458,3435
458,3949
458,4371
458,4469
458,4615
459,583
459,1774
459,3557
459,4044
459,4920
460,606
460,747
460,850
460,2057
460,4460
461,86
461,205
461,317
461,390
461,681
461,1234
461,1324
461,2318
461,2553
461,4738
461,4836
462,271
462,325
462,593
462,976
462,1183
462,2019
462,2392
462,3312
462,3417
462,4459
462,4934
463,1644
463,2113
463,2477
463,2697
463,4112
463,4535
464,491
464,503
464,612
464,1278
464,1618
464,1717
464,2616
464,3486
464,3917
465,817
465,1683
465,3131
465,3979
465,4453
465,4848
466,655
466,708
466,811
466,2654
466,3937
467,36
467,133
467,801
467,951
467,1108
467,1109
467,1324
467,1666
467,2486
467,2535
467,3801
467,4776
468,754
468,977
468,1086
468,2371
468,3764
468,4372
469,616
469,1120
469,1746
469,2598
469,3573
469,3903
469,3970
469,4179
469,4978
470,588
470,653
470,1537
470,1957
470,2414
470,3118
470,3512
470,4022
470,4540
470,4958
471,911
471,1001
471,2472
471,3105
471,4091
472,393
472,624
472,975
472,1244
472,1388
472,1946
472,2044
472,2327
472,2854
473,422
473,1785
473,2716
473,2749
473,3367
473,4890
474,545
474,1370
474,1438
474,1520
474,2075
474,2648
474,2762
474,2822
474,3183
474,3331
474,4489
475,17
475,533
475,615
475,1139
475,2319
475,2555
475,2977
475,3822
475,3986
475,4447
475,4783
475,4893
476,2313
476,2941
476,3199
476,3490
476,4151
476,4265
476,4307
476,4672
476,4953
477,251
477,479
477,869
477,2792
477,3025
477,3545
477,3699
477,4841
478,708
478,1194
478,1510
478,1706
478,2427
478,2983
478,2996
478,3293
478,3673
478,4136
479,66
479,213
479,1092
479,1279
479,2122
479,2963
479,3007
479,3136
479,3193
479,3312
479,3319
479,3903
480,351
480,680
480,912
480,2249
480,2409
481,42
481,332
481,1475
481,2136
481,3098
481,3449
481,4172
481,4194
482,29
482,43
482,484
482,822
482,841
482,1111
482,2228
482,3352
482,3374
482,3981
482,4436
482,4912
483,64
483,912
483,1381
483,1575
483,3340
483,3865
483,4109
484,1147
484,1171
484,1322
484,1879
484,2877
484,4524
485,108
485,1270
485,1434
485,1483
485,2326
485,4392
485,4556
486,1275
486,1578
486,2677
486,2933
486,3859
486,4310
486,4842
486,4879
486,4965
487,11
487,262
487,320
487,756
487,2196
487,2236
487,3706
487,4541
487,4959
488,834
488,946
488,1870
488,2018
488,2843
488,3056
489,1193
489,1592
489,2576
489,2611
489,3630
490,63
490,964
490,1076
490,2370
490,3578
490,4347
490,4851
491,240
491,336
491,1046
491,1969
491,3805
491,4009
491,4295
491,4428
491,4560
491,4906
492,195
492,597
492,839
492,2357
492,2459
493,633
493,784
493,1035
493,1988
493,2152
493,2359
493,2469
493,2728
493,3847
493,4183
494,299
494,697
494,1056
494,1436
494,1830
494,2358
494,3721
494,4178
494,4511
494,4551
494,5000
495,1819
495,2821
495,3159
495,4078
495,4582
496,946
496,1863
496,3807
496,4574
496,4794
497,798
497,1818
497,1963
497,2053
497,3298
497,3643
497,4885
498,2613
498,2648
498,2720
498,2822
498,4527
499,6
499,171
499,1529
499,2280
499,2508
499,3049
499,3434
499,4463
499,4688
499,4718
499,4853
499,4938
500,122
500,401
500,1256
500,2442
500,2944
500,3091
500,3516
500,4259
500,4451
500,4641
500,4979
501,398
501,1971
501,2717
501,3183
501,3444
501,3766
502,355
502,680
502,2240
502,2608
502,3042
502,3270
502,3638
502,3706
503,567
503,764
503,1825
503,3395
503,3427
503,3639
503,4589
504,168
504,480
504,1147
504,1802
504,2297
504,2931
504,4195
504,4521
504,4815
505,1317
505,2207
505,2423
505,2469
505,3259
505,3265
505,3767
505,3924
506,75
506,1154
506,1427
506,1478
506,1509
506,1742
506,1970
506,2053
506,2311
506,2470
506,2647
506,4355
507,262
507,656
507,1033
507,2244
507,3723
508,885
508,907
508,2021
508,2684
508,2712
508,2802
508,3264
508,4380
508,4919
509,236
509,1427
509,2309
509,2584
509,3104
509,3148
509,3757
509,4088
509,4613
509,4792
510,1329
510,1348
510,2274
510,3023
510,3705
511,1183
511,1745
511,1816
511,1960
511,2769
512,677
512,1142
512,1486
512,1821
512,2640
512,2940
512,3170
512,4304
512,4406
513,166
513,378
513,1146
513,1506
513,2290
513,3214
513,3565
513,4957
514,813
514,1286
514,1294
514,2421
514,3626
514,3977
515,217
515,713
515,1074
515,2475
515,3337
515,3802
515,4437
516,977
516,1443
516,1973
516,2943
516,3134
516,3327
516,4837
517,41
517,271
517,1034
517,1765
517,1813
517,2908
517,3246
517,3890
518,370
518,1286
518,1890
518,2475
518,4097
518,4804
519,63
519,370
519,400
519,781
519,871
519,1239
519,1516
519,3425
519,4723
519,4793
520,695
520,1734
520,1849
520,1995
520,3062
520,3992
520,4010
520,4950
521,17
521,178
521,477
521,1506
521,4766
522,525
522,815
522,1198
522,1510
522,2301
522,2790
522,3085
522,3087
522,3525
522,4033
523,4
523,21
523,1169
523,1859
523,2341
523,2533
523,2900
523,3683
523,4747
523,4913
524,619
524,679
524,1120
524,1780
524,1920
524,2334
524,3155
524,3814
524,3840
524,4379
525,106
525,969
525,2008
525,2359
525,2373
525,2423
525,2890
525,3088
525,3614
525,3637
526,658
526,856
526,2786
526,3447
526,3506
526,3507
526,3698
526,4088
527,549
527,1449
527,2823
527,3425
527,3858
528,218
528,709
528,1312
528,2631
528,3906
528,4537
528,4715
529,491
529,608
529,1082
529,1277
529,3333
530,197
530,568
530,933
530,3166
530,3202
530,3620
530,3920
530,4482
531,1009
531,1110
531,1239
531,1626
531,1676
531,2016
531,2747
531,2915
531,3503
531,3984
531,4417
531,4799
532,587
532,1131
532,2331
532,3012
532,3102
532,4200
532,4234
533,177
533,329
533,681
533,687
533,1248
533,1578
533,1808
533,2344
533,2553
533,4080
533,4967
534,2006
534,2013
534,2758
534,3716
534,4668
535,600
535,1174
535,1698
535,1994
535,2128
535,2823
535,3583
536,847
536,1039
536,1653
536,1710
536,2113
536,3113
536,3922
536,4022
536,4071
536,4386
536,4537
537,338
537,587
537,773
537,806
537,1143
537,1723
537,2252
537,2793
537,2806
537,4291
537,4671
538,1341
538,2893
538,3178
538,3219
538,3506
539,522
539,1184
539,1500
539,1508
539,1805
539,3022
539,3532
539,3647
539,3997
540,1808
540,2040
540,2573
540,2589
540,2830
540,2994
540,3162
540,3214
540,4006
541,1309
541,1350
541,2132
541,2283
541,2405
541,3365
541,3489
541,3616
541,4189
541,4334
541,4733
541,4823
542,48
542,178
542,986
542,1132
542,2514
542,2580
542,3012
542,3333
542,3386
543,900
543,2679
543,2735
543,3139
543,3431
543,4374
543,4649
544,445
544,1036
544,1470
544,3424
544,3455
544,3665
544,4033
545,179
545,1135
545,1766
545,2109
545,2207
545,2618
545,3612
545,4787
546,904
546,1074
546,2468
546,3042
546,3581
546,4715
547,1208
547,1525
547,1605
547,2398
547,4043
548,52
548,953
548,1122
548,2351
548,2387
548,2826
548,3061
548,3799
548,4037
548,4258
548,4507
548,4647
549,199
549,1668
549,1886
549,3760
549,4340
550,767
550,1180
550,1582
550,1991
550,2398
550,3710
550,4551
551,97
551,460
551,525
551,1279
551,2210
551,2595
551,3234
551,3240
551,3279
551,3648
551,4000
551,4649
552,36
552,925
552,1152
552,1643
552,1800
552,3335
552,3493
552,4262
553,222
553,402
553,1134
553,1242
553,2394
553,4244
554,1037
554,1668
554,1677
554,1741
554,2074
554,3177
554,3465
554,3698
554,4450
555,72
555,188
555,703
555,1364
555,1695
555,3123
555,3322
555,4086
555,4174
555,4426
555,4959
556,197
556,1091
556,2075
556,2344
556,3035
556,3435
556,3563
556,4607
556,4911
556,4970
557,426
557,767
557,932
557,1193
557,1539
557,2143
557,3028
557,4620
557,4656
558,8
558,409
558,635
558,888
558,2391
558,2719
558,3066
558,3208
559,400
559,492
559,2827
559,3893
559,4347
559,4431
560,293
560,502
560,559
560,2092
560,2342
560,4175
560,4292
560,4728
561,504
561,524
561,1983
561,2228
561,2785
561,2856
561,3154
561,3324
561,4170
562,845
562,1565
562,1750
562,2249
562,2705
562,4280
563,410
563,1615
563,2542
563,2620
563,2886
563,3753
563,3911
563,4143
564,99
564,845
564,2604
564,3304
564,4230
565,296
565,305
565,748
565,902
565,2149
565,2309
565,3665
565,3693
565,3990
565,4497
565,4983
566,842
566,1673
566,3317
566,3790
566,4319
566,4578
566,4967
567,698
567,766
567,843
567,875
567,925
567,2997
567,3189
567,3461
567,3476
567,3572
567,4227
567,4239
568,342
568,538
568,1310
568,1632
568,1655
568,2919
568,3158
568,3391
568,3593
568,3904
568,4271
568,4745
569,231
569,549
569,1554
569,1699
569,2094
569,2727
569,2921
569,3072
569,4394
569,4417
570,1229
570,1962
570,2023
570,2028
570,2681
570,2988
570,3028
570,3457
570,3603
570,4469
571,773
571,1164
571,1305
571,2313
571,3178
571,3279
571,3835
572,355
572,546
572,2193
572,2706
572,2746
572,3485
572,3505
572,3973
572,4419
572,4490
572,4584
572,4955
573,36
573,53
573,1243
573,1291
573,1659
573,1676
573,2794
573,4223
574,502
574,571
574,1465
574,1819
574,2090
574,2595
574,3040
574,3148
574,3523
574,3924
574,4589
574,4854
575,873
575,1031
575,2457
575,2621
575,3037
575,3494
575,4243
576,37
576,63
576,1561
576,3827
576,3866
576,4385
576,4460
576,4623
577,66
577,1368
577,1834
577,3742
577,3893
577,3964
577,4552
578,950
578,991
578,1051
578,1149
578,1626
578,2397
578,2614
578,3195
578,3735
578,3939
578,4107
578,4129
579,71
579,504
579,680
579,3626
579,4937
580,394
580,600
580,1154
580,1160
580,1585
580,2283
580,2419
581,425
581,770
581,1775
581,2858
581,3500
581,3663
581,3848
581,3961
581,4005
582,888
582,2989
582,3082
582,3890
582,4749
582,4773
583,334
583,2425
583,2867
583,3094
583,3267
583,3299
583,3332
583,3730
583,4293
583,4975
583,4993
584,132
584,144
584,1248
584,1323
584,1596
584,2180
584,2356
584,3004
585,723
585,1042
585,1134
585,1494
585,1608
585,1641
585,2987
585,3112
585,3760
586,109
586,175
586,1998
586,2117
586,2965
586,3758
587,411
587,935
587,937
587,1993
587,2741
587,3452
587,3918
587,4038
587,4807
588,305
588,360
588,568
588,788
588,2694
588,3252
589,74
589,252
589,268
589,1103
589,3288
589,3433
589,4129
590,1666
590,1712
590,2144
590,2755
590,3734
590,3840
590,4558
590,4592
590,4685
590,4898
591,732
591,1696
591,2368
591,2611
591,2935
591,4031
591,4100
591,4159
592,748
592,884
592,2324
592,3301
592,3867
592,4671
592,4674
593,188
593,1277
593,1967
593,1987
593,2324
593,3150
593,3174
593,3385
593,4140
594,751
594,1137
594,1199
594,2989
594,3340
594,3468
594,4054
594,4248
595,1364
595,2162
595,2543
595,2729
595,3219
595,4414
595,4852
596,22
596,171
596,282
596,323
596,407
596,708
596,1053
596,1158
596,2377
596,2492
596,3205
596,4474
597,144
597,198
597,705
597,1174
597,1708
597,2293
597,2619
597,2769
597,4060
597,4584
597,4827
598,468
598,1624
598,1663
598,1921
598,2624
598,3283
599,106
599,309
599,430
599,466
599,477
599,733
599,1645
599,1779
599,3125
599,4828
599,4902
600,30
600,541
600,934
600,2538
600,3633
600,4269
600,4356
600,4531
601,1422
601,1890
601,2283
601,2752
601,4315
602,415
602,1473
602,1886
602,2746
602,4455
602,4917
603,1808
603,2151
603,3418
603,3480
603,3634
604,203
604,1396
604,1987
604,3227
604,3421
604,4373
605,548
605,1124
605,1150
605,2858
605,3516
605,4260
606,31
606,298
606,604
606,724
606,1805
606,2101
606,2847
606,3752
606,3760
607,69
607,1662
607,1738
607,2004
607,3545
607,3669
607,4074
607,4128
607,4494
607,4954
608,776
608,1023
608,1143
608,1147
608,2527
608,3459
608,4569
608,4789
608,4968
609,236
609,851
609,2917
609,3323
609,3344
609,3500
609,3887
609,3980
610,806
610,1027
610,1776
610,1935
610,3262
610,3352
610,3543
610,3922
610,4058
610,4171
610,4349
610,4446
611,202
611,720
611,1302
611,1323
611,1409
611,1508
611,3249
611,3290
611,3768
611,4851
612,92
612,702
612,1596
612,3253
612,3542
612,3564
612,3637
612,3667
612,4217
612,4218
612,4669
613,6
613,1385
613,1535
613,2388
613,2662
613,3800
613,4406
613,4509
613,4758
613,4934
613,4991
614,870
614,1111
614,2605
614,2650
614,2797
614,3905
614,4387
614,4634
615,205
615,1248
615,1540
615,2428
615,2644
615,3115
615,3554
615,3809
615,4064
615,4498
615,4564
615,4942
616,202
616,241
616,594
616,896
616,1023
616,2384
616,2598
616,3175
616,3612
616,4360
617,574
617,1140
617,1544
617,2888
617,3248
617,3956
617,4518
617,4684
617,4774
617,4836
618,323
618,658
618,761
618,936
618,2527
618,3511
618,3616
618,4306
618,4366
618,4378
619,36
619,358
619,1505
619,2958
619,4944
620,1483
620,2210
620,2864
620,3664
620,3794
620,4025
620,4284
620,4598
620,4870
621,137
621,1158
621,1608
621,1909
621,4831
622,109
622,833
622,1012
622,1229
622,2785
623,296
623,1401
623,2255
623,3207
623,4042
623,4155
624,1223
624,1485
624,2824
624,3290
624,4922
625,976
625,1549
625,1728
625,1861
625,3343
625,4595
625,4954
626,112
626,343
626,1378
626,3150
626,4084
627,163
627,1115
627,1138
627,1416
627,2127
627,2144
627,3154
627,3470
628,204
628,754
628,1960
628,2270
628,2362
628,2500
628,2676
628,2978
628,3204
628,3847
628,4054
628,4896
629,408
629,1707
629,2095
629,2490
629,2965
629,3117
629,3343
629,4039
629,4064
629,4447
630,538
630,1793
630,2084
630,2300
630,2706
630,3053
630,3120
630,3516
630,4498
631,1625
631,1628
631,1874
631,2193
631,2431
631,2894
631,2900
631,4151
631,4212
631,4482
631,4601
632,1264
632,1311
632,1769
632,1969
632,2456
632,2566
632,3209
632,3412
632,3557
632,4052
632,4241
633,2990
633,3775
633,3859
633,3873
633,4297
634,1304
634,1997
634,2382
634,4161
634,4989
635,260
635,1790
635,1998
635,2063
635,2464
635,2763
635,3528
635,4388
635,4595
635,4892
635,4998
636,195
636,262
636,489
636,1433
636,2205
636,2504
636,2615
636,2959
636,4359
636,4882
637,68
637,419
637,1354
637,1411
637,1607
637,1615
637,2297
637,3751
637,3797
637,4647
637,4944
638,1163
638,1862
638,3661
638,3830
638,4015
639,40
639,235
639,520
639,1129
639,1980
639,2209
639,2745
639,2830
639,3455
639,4606
640,40
640,190
640,315
640,901
640,1087
640,1516
640,2457
640,2814
640,2903
640,4607
641,531
641,1141
641,1719
641,1860
641,2554
641,2814
642,645
642,824
642,915
642,1166
642,1541
642,1834
642,1905
642,1958
642,2170
642,2709
642,4027
642,4888
643,240
643,1221
643,1367
643,1513
643,2165
643,2251
643,2933
643,3286
643,3775
643,4720
644,419
644,910
644,1501
644,1577
644,1831
644,2818
644,2978
644,3116
644,4063
644,4290
644,4330
645,336
645,658
645,663
645,2127
645,2397
645,2804
645,2856
645,3534
645,4790
645,4945
646,643
646,769
646,2494
646,2562
646,2656
646,2819
646,2929
646,3905
647,257
647,882
647,1112
647,1528
647,3424
647,3718
647,3883
647,4455
648,712
648,783
648,1151
648,1637
648,2028
648,2050
648,2601
648,3157
648,3624
648,3733
648,3897
649,236
649,832
649,1367
649,1424
649,2109
649,2110
649,3467
649,3476
649,3485
649,4209
650,116
650,1309
650,3214
650,3622
650,4188
650,4827
651,687
651,1918
651,3473
651,4678
651,4944
652,166
652,486
652,605
652,1925
652,1971
652,2546
652,2750
652,2753
652,3571
652,4048
652,4897
653,1025
653,1171
653,2703
653,4423
653,4835
654,316
654,819
654,1420
654,1764
654,1865
654,1878
654,2298
654,3611
654,4347
654,4351
654,4556
655,469
655,741
655,1190
655,1248
655,2391
655,2820
655,3026
655,4114
655,4980
656,379
656,1186
656,1440
656,1946
656,2440
656,3001
656,3283
656,4530
657,1086
657,2018
657,2092
657,2964
657,3040
657,3862
658,199
658,524
658,903
658,1514
658,2337
658,2399
658,2714
658,3102
658,3823
658,4838
658,4968
658,4995
659,697
659,1590
659,1664
659,1844
659,2038
659,2451
659,3052
659,3571
659,4271
660,313
660,973
660,1285
660,3963
660,3964
660,4795
661,130
661,940
661,1205
661,2628
661,3343
661,4789
662,527
662,914
662,1037
662,1158
662,1325
662,1751
662,2784
662,3194
662,3501
662,3703
662,4172
662,4956
663,439
663,1275
663,1284
663,1873
663,4008
663,4125
664,619
664,2017
664,3253
664,4506
664,4647
664,4864
665,221
665,934
665,1122
665,1785
665,2941
665,3565
665,3627
665,3773
665,3966
665,4628
666,9
666,463
666,664
666,1610
666,2084
666,2246
666,2393
666,2837
666,3057
666,3622
666,3993
666,4874
667,49
667,85
667,419
667,1073
667,1455
667,2000
667,3091
667,4050
667,4266
667,4592
668,453
668,1394
668,1746
668,2537
668,2837
669,70
669,387
669,390
669,1948
669,2230
669,3249
669,3275
669,3708
669,4121
669,4953
670,564
670,1198
670,2238
670,2438
670,2851
670,3344
670,3763
670,4395
671,366
671,619
671,789
671,1996
671,3474
671,4137
671,4438
671,4502
672,398
672,588
672,821
672,1414
672,1997
672,2569
672,3657
673,493
673,824
673,1220
673,1309
673,2301
673,2544
673,3075
673,4469
674,808
674,1385
674,1926
674,4387
674,4481
675,259
675,630
675,996
675,1424
675,1614
675,1934
675,3169
675,3368
675,4285
675,4508
676,75
676,705
676,1947
676,2012
676,3403
676,3924
676,4403
676,4632
677,104
677,379
677,1509
677,2509
677,3510
677,3817
677,3950
677,3983
677,4181
677,4854
677,4918
678,190
678,662
678,1061
678,2106
678,2897
679,73
679,413
679,936
679,3553
679,3742
679,3883
680,226
680,854
680,2204
680,2627
680,2992
680,4368
680,4593
680,4970
681,53
681,663
681,903
681,1776
681,3042
681,3759
681,4335
682,2127
682,2170
682,2490
682,2964
682,2977
682,3444
683,642
683,942
683,1162
683,1525
683,2773
683,2820
683,3191
683,3240
683,3505
683,3716
683,4084
683,4916
684,953
684,1159
684,3402
684,3487
684,3598
684,3655
684,4100
684,4105
685,873
685,1102
685,2904
685,3127
685,3284
685,3291
685,3610
685,4790
686,207
686,807
686,1603
686,1700
686,2978
686,3050
686,3759
686,4051
687,382
687,564
687,1146
687,1359
687,1782
687,2347
687,2365
687,2435
687,2474
687,3120
687,3124
687,3203
688,7
688,905
688,1678
688,1790
688,2432
688,3476
688,4049
689,793
689,838
689,1427
689,2443
689,3409
689,3745
690,924
690,1521
690,1698
690,1858
690,2421
690,3251
690,3453
690,4190
690,4358
690,4924
691,223
691,2051
691,2146
691,2566
691,3090
691,3175
691,3181
691,3926
691,4413
691,4632
691,4860
692,25
692,179
692,232
692,1774
692,1802
692,1896
692,2280
692,3092
692,3985
692,4435
692,4516
692,4578
693,646
693,1188
693,1484
693,1860
693,2823
693,3290
693,4724
693,4865
694,473
694,1374
694,2702
694,3141
694,3954
694,4902
695,358
695,409
695,528
695,1190
695,2165
695,2296
695,3090
695,4744
696,672
696,1051
696,1396
696,3701
696,4208
696,4451
697,168
697,717
697,1017
697,1578
697,2301
697,3931
697,4249
698,438
698,2742
698,3281
698,3657
698,3936
698,4780
699,466
699,1321
699,2065
699,2334
699,2587
699,3677
699,3909
699,4266
699,4308
699,4724
699,4765
699,4918
700,873
700,905
700,1018
700,2287
700,3353
700,4017
700,4476
701,78
701,631
701,778
701,836
701,2916
701,3421
701,3545
701,4234
701,4379
701,4530
702,772
702,776
702,1378
702,1640
702,1731
702,1993
702,2568
702,3003
702,3330
702,3342
702,3777
702,4886
703,847
703,1459
703,1786
703,2500
703,3363
703,3395
703,3429
703,3676
703,4889
703,4988
704,439
704,582
704,727
704,1731
704,3211
704,4155
704,4306
704,4593
704,4702
704,4758
704,4795
704,4834
705,107
705,388
705,630
705,933
705,1698
705,3490
705,4093
706,630
706,942
706,988
706,1407
706,1545
706,1594
706,1818
706,1984
706,2852
706,3187
706,3454
706,3852
707,301
707,372
707,462
707,1339
707,1988
707,2194
707,2544
707,3902
707,4739
707,4933
708,1843
708,1921
708,2424
708,2728
708,2800
708,3044
708,3450
708,4125
708,4227
708,4897
709,1255
709,1263
709,1785
709,2282
709,3948
709,4946
710,572
710,868
710,2231
710,2640
710,2802
710,3588
710,4917
711,547
711,1471
711,2082
711,2644
711,3449
711,4044
711,4569
712,306
712,996
712,1493
712,1540
712,3325
712,4441
713,801
713,1704
713,1911
713,2062
713,2116
713,2140
713,2608
713,2933
713,4546
713,4682
713,4901
714,72
714,432
714,769
714,1783
714,1986
714,2572
714,3192
714,4941
715,378
715,2506
715,2767
715,2969
715,3277
715,3512
715,3808
715,4271
715,4411
715,4746
715,4810
715,4898
716,264
716,882
716,1441
716,2274
716,3776
716,4608
716,4960
717,528
717,546
717,762
717,1542
717,1574
717,1690
717,1768
717,2693
717,3281
717,3429
717,3855
717,4164
718,92
718,236
718,992
718,1115
718,1477
718,1855
718,2407
718,2504
718,3710
718,3918
718,3923
719,503
719,771
719,1399
719,1407
719,1881
719,2215
719,4303
720,119
720,772
720,819
720,1515
720,1923
720,2013
720,2528
720,2540
720,2562
720,3555
720,4459
721,253
721,1273
721,1289
721,1378
721,2200
721,2218
721,2290
721,2430
721,4529
722,60
722,745
722,2521
722,2876
722,3014
722,3370
722,3599
722,4923
723,534
723,2245
723,2756
723,3413
723,3489
723,4217
724,845
724,2335
724,2531
724,4055
724,4719
725,319
725,533
725,1100
725,1577
725,1578
725,2459
725,2549
725,2621
725,3830
725,4417
726,223
726,458
726,579
726,624
726,765
726,1468
726,1636
726,2608
726,3159
726,4167
727,289
727,1430
727,1438
727,1485
727,1982
727,2189
727,2618
727,3132
727,3935
727,4735
727,4864
728,1376
728,1420
728,1899
728,1915
728,2843
728,3469
728,3546
728,4402
728,4669
728,4777
728,4915
729,134
729,536
729,761
729,765
729,1572
729,1889
729,2049
729,2504
729,4439
729,4659
729,4988
730,19
730,1219
730,1456
730,2298
730,2409
730,3102
730,3479
731,1568
731,1652
731,2214
731,2457
731,3360
731,4239
731,4414
731,4953
732,840
732,1710
732,1951
732,2109
732,3039
732,3124
732,3872
732,4316
733,306
733,1440
733,1447
733,2041
733,2085
733,2329
733,2360
733,2966
733,3561
733,4160
733,4605
734,171
734,178
734,1095
734,1673
734,2204
734,2702
734,2786
734,2815
734,3685
734,4543
734,4732
735,68
735,1337
735,2038
735,2229
735,3058
735,3929
735,4285
735,4583
735,4664
735,4988
736,788
736,1717
736,2322
736,2644
736,2677
736,2689
736,3317
736,3457
736,3853
736,4923
736,4957
737,1021
737,2119
737,3752
737,4285
737,4502
738,38
738,309
738,1118
738,2245
738,2788
738,4510
738,4823
738,4849
739,1739
739,2251
739,2334
739,3091
739,3293
739,3521
739,3553
739,3687
739,4230
739,4415
739,4747
739,4826
740,135
740,183
740,422
740,873
740,3348
740,3550
740,3744
740,3749
740,4787
741,216
741,662
741,673
741,1761
741,2137
741,3608
742,841
742,2669
742,2759
742,2937
742,3213
742,3432
742,3541
742,3671
742,3936
743,628
743,2775
743,3461
743,4139
743,4447
744,786
744,2137
744,2397
744,3149
744,4026
745,1675
745,1700
745,2328
745,3015
745,3564
745,4237
745,4715
746,137
746,153
746,1879
746,2280
746,2656
746,2746
746,3347
746,3351
746,3969
746,4724
747,374
747,591
747,1112
747,1458
747,2166
747,2547
747,3561
747,3864
747,4400
747,4596
748,273
748,1019
748,1066
748,2464
748,2707
748,2713
748,3652
749,1972
749,2652
749,3505
749,4019
749,4415
750,585
750,2043
750,2465
750,3084
750,3370
750,4213
750,4238
751,425
751,1605
751,2003
751,2647
751,3157
751,3336
751,4196
751,4582
751,4694
752,156
752,179
752,651
752,693
752,1158
752,1809
752,3092
752,3599
752,4500
752,4736
753,13
753,689
753,1208
753,1708
753,2409
753,2870
753,3022
753,3766
753,4012
753,4127
754,400
754,423
754,1202
754,1592
754,1767
754,1772
754,2684
754,3173
754,3400
754,3461
754,3890
755,1731
755,2115
755,2305
755,2491
755,3093
755,3302
755,4168
755,4876
755,4897
756,590
756,860
756,1234
756,1608
756,1822
756,1906
756,3038
756,4401
757,392
757,728
757,1017
757,1801
757,2294
757,2470
757,2928
757,3455
757,3658
757,3675
757,3777
757,3906
758,338
758,1114
758,1418
758,2008
758,2566
758,3180
758,3215
758,3388
758,3507
758,3642
758,4174
758,4409
759,1134
759,1962
759,2171
759,2234
759,2337
759,2350
759,2739
759,3067
759,4062
759,4063
759,4116
759,4813
760,226
760,1559
760,1967
760,2079
760,3190
760,3440
760,3655
760,3766
760,3816
760,3902
761,185
761,205
761,660
761,1232
761,2173
761,2306
761,2525
761,2906
761,3451
761,3828
761,3933
761,4889
762,477
762,487
762,623
762,724
762,1637
762,1702
762,1704
762,2442
762,2598
762,2874
762,3860
762,4820
763,275
763,382
763,2276
763,3351
763,4678
764,1229
764,1984
764,2001
764,2158
764,2380
764,2814
764,2926
764,3264
764,4148
764,4304
765,262
765,1067
765,1477
765,1641
765,2016
765,2802
765,2994
765,3372
765,3463
765,3522
766,237
766,302
766,2132
766,3821
766,4675
767,491
767,575
767,2012
767,2521
767,2963
767,4792
768,638
768,645
768,659
768,711
768,2576
768,3270
768,4112
768,4651
768,4847
768,4898
768,4916
769,1762
769,2267
769,2608
769,3292
769,3669
769,4116
770,627
770,762
770,2511
770,2556
770,3346
770,3483
770,3676
770,3854
770,3989
770,4184
770,4188
771,2300
771,3276
771,3372
771,3782
771,4781
772,130
772,1091
772,1207
772,2811
772,3022
772,3055
772,3072
772,3311
772,4486
772,4802
772,4919
773,556
773,1345
773,1907
773,2263
773,4316
774,30
774,143
774,1479
774,1524
774,2342
774,3464
774,4067
774,4705
775,449
775,550
775,1275
775,1432
775,1983
775,2076
775,2280
775,3460
775,3942
775,4383
776,265
776,551
776,723
776,1772
776,2520
776,2526
776,3081
776,3183
776,3970
776,4358
777,740
777,1374
777,1747
777,1996
777,2076
777,2140
777,2782
777,3718
777,3730
777,4099
777,4521
777,4840
778,22
778,845
778,1051
778,1540
778,2151
778,2311
778,2478
778,2682
778,4962
779,1364
779,1849
779,1851
779,3940
779,4134
780,673
780,783
780,1670
780,2478
780,2541
780,3329
780,3389
780,3925
780,4071
780,4402
781,71
781,626
781,1540
781,1668
781,3003
781,4141
782,1603
782,2192
782,2608
782,2911
782,3063
782,3428
782,4212
783,1375
783,1721
783,2862
783,2988
783,4320
783,4408
784,475
784,2686
784,2816
784,4006
784,4509
784,4935
785,623
785,907
785,1400
785,2706
785,2958
785,3073
785,3087
785,4251
785,4539
786,752
786,796
786,1457
786,1684
786,1763
786,1806
786,2549
786,2828
786,4363
786,4408
786,4686
786,4814
787,455
787,533
787,1607
787,2116
787,4366
788,843
788,1042
788,1287
788,1418
788,1549
788,2123
788,2554
788,3031
788,4705
788,4971
788,4983
789,427
789,519
789,833
789,1268
789,1421
789,1583
789,1984
789,2419
789,2576
789,3869
789,4219
789,4814
790,714
790,722
790,1611
790,2044
790,2423
790,3290
791,443
791,515
791,1604
791,2723
791,2920
791,2970
792,85
792,320
792,483
792,1555
792,1831
792,2432
792,2518
792,3613
792,3685
792,4365
793,389
793,818
793,2483
793,2954
793,3337
793,4498
794,981
794,1945
794,2487
794,2503
794,2620
794,2667
794,3333
794,3541
794,3741
794,4575
795,806
795,1159
795,2187
795,3331
795,4842
795,4896
795,4899
796,188
796,452
796,673
796,844
796,858
796,1251
796,2514
796,3133
796,3416
796,3436
797,142
797,483
797,765
797,1012
797,1085
797,1098
797,1312
797,2049
797,3314
797,4313
797,4388
798,686
798,1032
798,1245
798,2916
798,3420
798,4090
798,4125
799,250
799,1197
799,1397
799,1586
799,2220
799,3122
799,3125
799,4068
799,4335
799,4657
799,4694
800,32
800,92
800,1140
800,1888
800,2829
800,4659
801,250
801,403
801,1061
801,1087
801,1195
801,1294
801,1649
801,3735
801,4033
801,4516
802,2190
802,2783
802,3796
802,4042
802,4579
803,1001
803,1186
803,1568
803,2082
803,3794
803,4559
803,4998
804,189
804,367
804,724
804,1208
804,1526
804,2419
804,2714
804,2742
804,4193
804,4228
805,105
805,131
805,235
805,360
805,1422
805,1491
805,2148
805,2360
805,3114
805,3429
805,4526
806,191
806,342
806,2159
806,2462
806,2795
806,3270
806,3696
806,3909
806,4748
806,4973
807,684
807,1674
807,2127
807,2708
807,3213
807,3569
807,4118
807,4138
807,4788
808,769
808,2698
808,2904
808,3187
808,3535
809,1807
809,4032
809,4167
809,4182
809,4218
809,4349
809,4579
810,430
810,607
810,1049
810,1131
810,1688
810,1947
810,2848
810,3121
810,3190
810,3414
810,3487
810,4847
811,723
811,801
811,1586
811,3131
811,4555
812,2270
812,2290
812,3664
812,3949
812,4827
813,127
813,137
813,1699
813,1756
813,4170
813,4731
814,994
814,1381
814,2015
814,2101
814,2375
814,2644
814,4269
814,4589
814,4666
814,4808
815,392
815,602
815,1000
815,1912
815,2127
815,2963
815,3766
815,4616
815,4827
816,762
816,1050
816,1961
816,2937
816,3350
816,3609
816,3885
816,4595
816,4822
817,65
817,462
817,1033
817,1811
817,2715
817,3227
817,4043
817,4624
818,1223
818,2718
818,3113
818,3310
818,3391
818,4183
818,4236
818,4332
818,4858
819,1302
819,1350
819,1521
819,3012
819,4306
819,4382
819,4396
820,908
820,1264
820,1789
820,2011
820,4317
821,342
821,1718
821,2442
821,2809
821,3461
821,3499
821,3579
821,4178
821,4213
821,4385
822,152
822,1793
822,2203
822,2282
822,2300
822,2654
822,3271
822,3355
822,3930
822,4057
822,4116
822,4520
823,651
823,665
823,1201
823,1644
823,1893
823,2743
823,2928
823,3891
823,3913
823,4710
824,1300
824,2250
824,2265
824,2702
824,2824
824,3747
824,4003
824,4121
824,4403
824,4913
825,528
825,1282
825,2385
825,3161
825,3511
825,4314
826,966
826,986
826,1836
826,2107
826,2198
826,2608
826,2648
826,2742
826,2914
826,3329
826,3477
826,4039
827,915
827,2546
827,2935
827,3304
827,3571
827,3610
828,66
828,409
828,500
828,904
828,1505
828,1693
828,1947
828,2876
828,3245
828,4132
828,4635
829,309
829,704
829,1272
829,1414
829,2301
829,2682
829,3895
829,4716
830,1035
830,1762
830,2301
830,2502
830,4296
830,4436
830,4917
831,400
831,3126
831,3361
831,3929
831,4260
831,4533
831,4651
832,67
832,276
832,404
832,679
832,1611
832,1672
832,2250
832,3571
832,4147
833,42
833,590
833,1796
833,1983
833,2734
833,3070
833,3594
833,4318
833,4535
834,130
834,855
834,2008
834,2140
834,2233
834,2674
834,2827
834,2834
834,3279
834,3415
834,3982
835,336
835,1129
835,2190
835,3220
835,3301
835,3584
835,3970
836,394
836,516
836,878
836,1115
836,1255
836,1690
836,2449
836,2726
836,3237
836,4348
836,4698
836,4910
837,349
837,701
837,1258
837,1399
837,2630
837,2928
837,2986
837,3349
837,3641
837,4107
838,161
838,2015
838,2622
838,2787
838,3720
838,4073
838,4498
838,4564
839,732
839,1301
839,1495
839,1783
839,2129
839,3165
839,3415
840,21
840,2188
840,2364
840,3240
840,3258
840,3653
840,3914
840,4195
840,4598
840,4994
841,674
841,2814
841,3937
841,4609
841,4666
842,530
842,3070
842,3737
842,3959
842,4136
842,4974
843,562
843,787
843,1255
843,1354
843,2272
843,2449
843,2514
843,2778
843,4691
843,4949
844,822
844,1457
844,2004
844,2258
844,3519
844,4239
844,4260
844,4436
845,2230
845,2616
845,2872
845,3107
845,3559
845,3605
845,3645
845,3899
845,4673
845,4771
846,154
846,2483
846,2672
846,2963
846,3944
847,835
847,1723
847,1824
847,2507
847,2755
847,3539
847,3857
847,4036
847,4400
848,22
848,441
848,1154
848,1432
848,1975
848,2177
848,2445
848,3318
848,3989
848,4618
848,4770
849,1725
849,2833
849,2949
849,3800
849,3823
849,4864
850,392
850,418
850,900
850,1009
850,2067
850,2729
851,588
851,1094
851,1417
851,1874
851,1970
851,2150
851,2154
851,2358
851,2887
851,3727
851,3963
851,4396
852,851
852,1829
852,2086
852,2215
852,2759
852,2807
852,3288
852,3837
852,3997
852,4100
853,781
853,1243
853,1754
853,2573
853,2694
853,3065
853,3224
853,3831
853,4375
854,145
854,1185
854,2864
854,3005
854,3055
854,4395
854,4528
854,4769
855,363
855,801
855,2470
855,2967
855,3297
855,3349
855,3982
855,3997
855,4109
855,4898
856,964
856,1374
856,1585
856,1953
856,2151
856,3364
856,4350
857,16
857,150
857,834
857,2062
857,2463
857,2474
857,3638
857,3810
858,787
858,1020
858,2012
858,2085
858,2383
858,3643
858,4008
858,4037
858,4555
858,4833
858,4858
859,342
859,1776
859,2322
859,2617
859,2786
859,3055
859,3297
859,4091
859,4246
859,4686
860,209
860,1005
860,1565
860,3781
860,4985
861,159
861,256
861,289
861,323
861,638
861,826
861,860
861,2851
861,3140
861,3591
861,3770
862,274
862,1459
862,2210
862,2561
862,2571
862,3543
862,4005
862,4334
862,4449
862,4693
862,4708
862,4894
863,900
863,1279
863,1937
863,2992
863,3260
863,4738
864,1622
864,1968
864,2048
864,2892
864,2917
864,3015
864,3292
864,3510
864,3647
864,3988
864,4319
865,373
865,474
865,700
865,1050
865,1089
865,1757
865,2213
865,3723
865,4007
865,4375
865,4411
866,60
866,610
866,873
866,1553
866,1589
866,1889
866,2230
866,2830
867,1352
867,2539
867,3835
867,4035
867,4945
868,1844
868,1858
868,2570
868,3320
868,3392
868,3541
868,3618
868,3931
868,4652
869,91
869,184
869,423
869,1606
869,2196
869,4262
870,207
870,1257
870,1427
870,1487
870,1871
870,2808
870,2984
870,2989
870,3194
870,3580
870,4208
870,4594
871,560
871,1160
871,1944
871,2167
871,3198
871,3516
871,3858
871,4150
871,4286
871,4779
871,4844
872,619
872,725
872,1035
872,1053
872,1362
872,1607
873,677
873,887
873,1304
873,1364
873,2641
873,3094
873,4008
873,4478
873,4798
874,2164
874,2236
874,2508
874,2609
874,2730
874,3231
874,3699
875,626
875,800
875,897
875,1482
875,1760
875,2296
875,2347
875,2598
875,3050
875,3071
875,4267
876,150
876,475
876,700
876,1183
876,1537
876,1752
876,2770
876,3130
876,3688
876,4188
877,822
877,1773
877,3514
877,3642
877,4203
877,4423
877,4528
877,4859
878,658
878,817
878,1103
878,1359
878,2132
878,2290
878,3130
878,4069
878,4400
879,611
879,1625
879,1998
879,2139
879,4279
880,489
880,799
880,912
880,1385
880,1513
880,2187
880,2652
880,3629
881,14
881,94
881,1603
881,2385
881,3189
881,3235
881,3946
881,4163
882,87
882,379
882,889
882,1944
882,3091
882,3456
882,3568
882,3810
882,3956
882,3959
882,4453
882,4695
883,22
883,539
883,3058
883,3450
883,3955
883,3959
883,4946
884,343
884,769
884,1207
884,1520
884,2310
884,3234
884,4088
884,4229
884,4289
884,4470
884,4596
885,844
885,2456
885,3195
885,4105
885,4705
886,367
886,1326
886,1853
886,2103
886,2437
886,2692
886,3172
886,3282
887,168
887,304
887,683
887,895
887,1890
887,2446
887,2646
887,3288
887,3828
887,4824
887,4991
888,127
888,272
888,938
888,1071
888,1880
888,2050
888,2445
888,2755
888,3986
888,4625
888,4663
889,435
889,567
889,818
889,1011
889,1165
889,1539
889,3062
889,3254
889,4464
889,4525
889,4577
889,4702
890,89
890,549
890,966
890,1435
890,2021
890,2040
890,2272
890,2721
890,3788
890,3806
890,4902
891,29
891,206
891,927
891,1135
891,1152
891,1408
891,1428
891,2793
891,3290
891,3469
891,4681
892,86
892,1160
892,1631
892,1891
892,1900
892,2264
892,3006
892,3016
892,4125
892,4214
892,4467
892,4944
893,35
893,678
893,692
893,1574
893,1961
893,2673
893,2967
893,3345
893,3676
894,213
894,668
894,1001
894,1335
894,1784
894,2079
894,2493
894,2552
894,2770
894,2828
894,3092
894,4702
895,725
895,1234
895,1552
895,2004
895,4449
896,2707
896,3012
896,3951
896,4205
896,4681
896,4776
897,819
897,1807
897,2777
897,3718
897,4939
898,220
898,268
898,467
898,668
898,1575
898,2830
898,3366
898,3702
898,3981
898,4039
898,4099
898,4696
899,40
899,604
899,764
899,1062
899,2076
899,2078
899,2704
899,3130
899,3213
900,1711
900,1959
900,2628
900,3156
900,3672
900,4549
900,4577
900,4839
901,77
901,497
901,945
901,3308
901,3569
901,3716
901,3748
901,3808
901,4566
902,366
902,656
902,1839
902,1911
902,1937
902,2293
902,2541
902,2660
902,3728
902,3871
902,4810
903,1451
903,1850
903,2165
903,2731
903,3443
903,3697
903,4095
903,4753
904,3
904,354
904,953
904,2302
904,2476
904,2788
904,4370
904,4447
904,4806
905,161
905,760
905,960
905,1780
905,2793
905,2822
905,3171
905,3595
905,4436
906,422
906,1329
906,2449
906,2949
906,3728
906,3963
906,4750
906,4782
906,4869
907,420
907,862
907,881
907,962
907,2513
907,2966
907,3213
907,3388
907,3683
907,3873
907,3966
907,4720
908,1228
908,1243
908,2797
908,2877
908,3427
908,3735
908,3780
908,4193
908,4631
909,1722
909,2199
909,2426
909,2768
909,3174
909,4153
909,4724
910,86
910,1665
910,4158
910,4752
910,4988
911,94
911,2858
911,3105
911,3115
911,3415
911,3555
911,4329
911,4835
911,4895
912,555
912,1084
912,1790
912,3341
912,3357
912,4255
912,4489
913,277
913,335
913,1681
913,3069
913,3597
913,3611
913,3628
913,3738
913,3838
913,4629
913,4666
913,4884
914,452
914,572
914,700
914,1183
914,1506
914,1826
914,3083
914,3638
914,3838
914,4072
914,4828
915,267
915,1010
915,1066
915,1413
915,1536
915,1953
915,2930
915,3334
915,3437
915,4421
915,4538
915,4892
916,426
916,1344
916,1578
916,1653
916,1900
916,1982
916,2355
917,185
917,1767
917,1883
917,2067
917,2294
917,3106
917,4829
918,19
918,226
918,1070
918,1563
918,1857
918,2119
918,2794
918,2817
918,3096
918,3268
918,4637
919,741
919,1119
919,1152
919,1987
919,2503
919,2647
919,2816
919,3210
919,3952
919,4144
919,4405
919,4906
920,271
920,2080
920,2171
920,3134
920,4351
921,81
921,874
921,954
921,2011
921,2354
921,2791
921,3923
921,4263
921,4356
921,4741
922,53
922,1173
922,1366
922,2029
922,2548
922,2655
922,2868
922,2967
922,4337
923,245
923,1082
923,2480
923,2729
923,2992
923,3361
923,3476
923,3659
923,3930
923,4343
923,4511
923,4565
924,225
924,345
924,616
924,1003
924,1066
924,1383
924,1479
924,1874
924,2041
924,3937
924,4835
925,763
925,2671
925,3288
925,3398
925,4590
926,1080
926,3867
926,3966
926,4297
926,4424
926,4636
926,4725
926,4849
927,625
927,1291
927,1663
927,2062
927,2538
927,4072
927,4255
928,927
928,941
928,1423
928,2462
928,2538
928,3214
928,3349
928,3883
928,4721
928,4731
929,37
929,55
929,69
929,159
929,1498
929,1595
929,1921
929,3859
929,4150
929,4440
929,4561
930,174
930,339
930,644
930,650
930,1230
930,1465
930,2558
930,2773
930,3995
930,4318
931,30
931,674
931,1305
931,2438
931,2957
931,3003
931,4007
932,456
932,548
932,559
932,1127
932,2205
932,2257
932,3264
932,4082
932,4341
933,147
933,801
933,1079
933,1402
933,2618
933,2913
933,3324
933,3401
933,3665
933,3822
933,4679
934,417
934,454
934,1400
934,1883
934,2260
934,2799
934,3263
934,3943
934,4380
935,110
935,1162
935,1546
935,1653
935,3052
935,4043
935,4159
935,4448
935,4693
936,86
936,402
936,721
936,1771
936,3260
936,3492
936,4382
936,4550
937,619
937,1103
937,1258
937,1877
937,2750
937,3288
937,3649
937,3977
937,4870
938,58
938,363
938,784
938,817
938,2804
938,2990
938,3771
938,4098
938,4355
939,1084
939,3542
939,3960
939,4067
939,4633
939,4992
940,604
940,1058
940,1071
940,2871
940,4682
941,977
941,1268
941,2891
941,4504
941,4607
942,31
942,1224
942,1859
942,1952
942,2201
942,3687
942,4630
943,845
943,1324
943,2790
943,2816
943,3905
943,4142
943,4797
943,4862
944,634
944,683
944,1024
944,1729
944,2314
944,2644
944,3518
944,3635
944,4928
944,4951
945,159
945,907
945,2480
945,2538
945,2739
945,3765
945,3823
946,1299
946,1952
946,2450
946,3376
946,3832
946,4599
946,4775
947,575
947,654
947,1068
947,1457
947,1948
947,2461
947,2834
947,4237
947,4469
947,4712
947,4926
948,1408
948,1567
948,1619
948,1931
948,2113
948,2434
948,2505
948,2807
948,3558
948,3683
948,3778
948,3933
949,904
949,1350
949,2965
949,3084
949,3789
949,3904
949,4059
949,4251
949,4945
950,353
950,385
950,1284
950,1826
950,1855
950,2214
950,2519
950,3327
950,4248
950,4681
951,1027
951,2401
951,2432
951,3858
951,4762
952,78
952,251
952,409
952,415
952,540
952,2352
952,2903
952,3433
952,3957
952,4650
952,4927
953,1045
953,1134
953,1375
953,2360
953,3129
953,3322
953,3402
953,3915
954,271
954,1260
954,1809
954,2144
954,2999
954,3380
954,4866
955,435
955,481
955,693
955,822
955,1215
955,2199
955,2721
955,4878
956,540
956,891
956,932
956,1494
956,1511
956,1981
956,2119
956,2546
956,2690
956,3245
956,3770
956,4026
957,95
957,105
957,539
957,1032
957,1782
957,1825
957,2179
957,2704
957,4274
957,4322
957,4683
958,1294
958,1341
958,1986
958,2509
958,2647
958,3419
958,3674
958,4414
958,4713
959,163
959,676
959,1340
959,1362
959,1383
959,2042
959,2892
959,3534
959,3905
959,3943
959,4876
960,87
960,350
960,1174
960,1662
960,1936
960,2658
960,3299
960,3810
960,4958
961,311
961,456
961,2463
961,3542
961,4708
962,554
962,1194
962,2044
962,2129
962,2467
962,2554
962,2606
962,2662
962,3331
962,3700
962,4005
962,4123
963,1024
963,1443
963,2037
963,2328
963,3282
964,502
964,1177
964,1610
964,1841
964,1894
964,2193
964,2505
964,2980
964,3547
964,3629
964,4677
964,4905
965,158
965,1430
965,1501
965,1737
965,2271
965,2618
965,2841
965,3841
965,4206
965,4813
965,4833
966,808
966,1624
966,1814
966,2018
966,2033
966,2740
966,3742
966,4186
967,1905
967,2037
967,2272
967,2789
967,3944
968,414
968,832
968,1250
968,1465
968,1482
968,1885
968,2542
968,3467
969,178
969,1289
969,1564
969,2077
969,3067
969,3758
969,3897
969,4414
969,4670
970,368
970,1886
970,1981
970,2656
970,2842
971,395
971,1029
971,1082
971,2037
971,2676
971,3275
972,233
972,736
972,2657
972,2921
972,2996
972,3994
973,429
973,444
973,584
973,1245
973,1248
973,2186
973,2240
973,2451
973,2504
973,2793
973,3222
973,4815
974,718
974,1079
974,1281
974,3042
974,3050
974,4864
975,292
975,618
975,747
975,1906
975,2044
975,2829
975,3984
975,4184
975,4235
975,4804
976,561
976,1829
976,2081
976,2541
976,2862
977,902
977,994
977,1423
977,1890
977,2573
977,2730
977,2933
977,3214
977,3541
977,4065
977,4074
977,4219
978,143
978,986
978,2016
978,2275
978,3356
978,3363
978,3528
979,610
979,1077
979,1946
979,2589
979,2988
979,3544
979,4395
980,7
980,600
980,2562
980,3571
980,3754
981,449
981,1261
981,2369
981,2576
981,4974
982,634
982,1556
982,1768
982,2508
982,2937
982,3441
982,3461
982,3649
982,3774
982,4104
982,4880
983,311
983,345
983,896
983,4139
983,4857
984,411
984,645
984,787
984,2331
984,3421
985,805
985,1219
985,3978
985,4103
985,4207
985,4297
985,4566
985,4915
986,314
986,939
986,1992
986,2303
986,3162
986,3201
986,4285
986,4546
987,726
987,2887
987,3340
987,3876
987,4164
987,4389
988,289
988,375
988,2737
988,2872
988,3128
988,3279
988,3445
988,4562
988,4844
988,4882
989,99
989,281
989,1443
989,3115
989,3921
989,3926
989,4293
990,15
990,920
990,1283
990,2379
990,3666
990,4000
990,4539
991,146
991,1583
991,1727
991,2317
991,2882
991,3441
991,3753
992,236
992,408
992,1819
992,1830
992,3280
992,3633
992,4226
992,4264
992,4371
992,4785
992,4903
992,4946
993,651
993,846
993,1675
993,2092
993,2327
993,2840
993,3373
993,3781
993,4495
993,4978
994,290
994,2159
994,3105
994,3175
994,3562
994,3939
994,4220
994,4316
994,4623
995,561
995,689
995,828
995,2494
995,2766
995,2903
995,3053
995,3482
995,3682
995,4026
995,4598
996,373
996,400
996,733
996,1698
996,2040
996,2488
996,2877
996,2994
996,3295
996,4127
996,4978
997,134
997,266
997,1104
997,1201
997,1717
997,1753
997,2714
997,2836
997,2864
997,3511
997,4336
997,4822
998,151
998,815
998,1639
998,1983
998,3101
998,3848
998,3907
998,3950
999,883
999,887
999,1260
999,1318
999,2320
999,3041
999,3406
999,3937
999,3941
999,4486
999,4565
999,4849
1000,472
1000,848
1000,1135
1000,1177
1000,2152
